text,date,source,brand,sentiment,compound_score
"PURCHASE SAUVAGE PARFUM
https://go.magik.ly/ml/1cqq8/
https://bit.ly/3duBbJX
https://go.magik.ly/ml/1cqqb/
https://bit.ly/3o6cGVt
BLACK FRIDAY DEALS!
50% off ADG Profumo, and they have 4.2oz too: https://go.magik.ly/ml/1crfs/
Acqua Di Gio Absolu is also 50% off! https://go.magik.ly/ml/1crga/
HUGE NICHE SALE! Take 20% off ANY of the items on my Twisted Lily Gift Guide by using code CHAOS20: https://tidd.ly/3DM5CWj
30% off YSL Y Le Parfum: https://go.magik.ly/ml/1co4r/
30% off YSL Y EDP: https://go.magik.ly/ml/1co4s/",2021-11-27,YouTube,Dior Sauvage,positive,0.7788
"I like this one more than the EDT, lasted so much longer on me. Both smell good but for me it’s the Parfum version 🔥 Hands down",2021-11-27,YouTube,Dior Sauvage,negative,-0.1027
Finally someone being honest and appreciating Sauvage Parfum,2023-11-13,YouTube,Dior Sauvage,positive,0.7351
"I have the Parfum. I sprayed on my clothes inside home and then jumped in my truck. 2 days later, my wife is asking what cologne I sprayed in there but the scent rubbed off onto the seatbelt. I really want to collect the other 3 Sauvages.",2024-01-07,YouTube,Dior Sauvage,positive,0.2238
"Hands down, the best flanker IMO. Smooth, classy, and versatile.",2025-09-24,YouTube,Dior Sauvage,positive,0.7964
"The Parfum is the best of that scent profile, not including the elixir since that is completely different.",2025-12-28,YouTube,Dior Sauvage,positive,0.6369
"Dior Savage Parfum is a phenomenal scent, my top 5 scents, it projects like 7 or 8 hours on my skin and then it lasts a extra 6 or 7 more hours.",2021-11-29,YouTube,Dior Sauvage,positive,0.0772
I gifted EdT and EdP as both gave me headaches but Parfum and Elixir are my go-to faves.,2021-11-28,YouTube,Dior Sauvage,neutral,0.0
I love Sauvage ❤️ Smells Great!!! … has a great “Rebel but Successful” vibe to it,2022-05-31,YouTube,Dior Sauvage,positive,0.8213
parfum best of the Sauvage lineup and it's not close,2023-02-28,YouTube,Dior Sauvage,positive,0.6369
Very nice points you raise as always. Thanks🙏,2023-10-09,YouTube,Dior Sauvage,positive,0.7178
Picked up a sample @ Macys couple days ago. Was very impressed with this one out of the three testers they had. I'm wearing it tonight.,2023-06-03,YouTube,Dior Sauvage,positive,0.5256
The Elixir is way too much of a beast to me. I love the initial spray down to the dry down. Definitely my favourite Sauvage for sure.,2022-03-30,YouTube,Dior Sauvage,positive,0.8481
Bro I grabbed this in 2020 and I thought I had the EDT this one is literally the best one to me!!,2024-03-31,YouTube,Dior Sauvage,positive,0.6988
"The Parfum, does NOT PROJECT LOUD, BUT Lingers for a LONG Time. If you want a loud sausage, excluding the Elixir, if your younger, go for the Sauvage EDT, OLder, but young also, edp. But, if you want something thar won't slap people once you enter the room, but does get noticed, plus out of the Line, BEST SMELLING, NO.1, IN MY OPINION. Jesus, loves you guys!!!",2023-04-06,YouTube,Dior Sauvage,positive,0.9438
"Thanks for the content my friend , personally love the elixr",2021-11-27,YouTube,Dior Sauvage,positive,0.8834
Great review thanks - will need to test this one out.,2022-01-11,YouTube,Dior Sauvage,positive,0.7906
Bro my wife bought me one earlier. Great review thank you boss,2021-12-29,YouTube,Dior Sauvage,positive,0.765
Just order a sample yesterday 👍,2023-09-16,YouTube,Dior Sauvage,neutral,0.0
"I bought a 30ml sample of this one and it’s very nice. It’s much smoother than the EDT
Everything he says is true. Longevity is great. Projection is quite restrained. It’s a great date night fragrance and it is still versatile.
A little pricey for what it brings to the table.",2023-10-28,YouTube,Dior Sauvage,positive,0.9336
Very nice review. Just got my sauvage parfum and im very happy with it!! Not that strong but extremly nice smelling.❤,2024-10-07,YouTube,Dior Sauvage,positive,0.9297
I’ve always enjoyed this one,2021-11-27,YouTube,Dior Sauvage,positive,0.5106
i have the 200ml and i loveeeeeee it. orange creamy interpretation of og sauvage. so fire and it projects,2023-07-09,YouTube,Dior Sauvage,negative,-0.4795
"I love Parfum and the OG... ""THUMBS UP""🥊🔔",2021-11-28,YouTube,Dior Sauvage,positive,0.6369
This is fun to watch,2021-11-27,YouTube,Dior Sauvage,positive,0.5106
Some fragrances I started out with that my wife loves are D&G Intenso and way back when was the (extra snobby Abercrombie cousin) Ruehl No. 925  which I substituted YSL Rive Gauche Pour Home edt in a dark maroon and silver tin bottle.,2021-11-27,YouTube,Dior Sauvage,positive,0.25
I hope you can review some dua fragrances like speechless and the conqueror or plumalicious,2022-11-06,YouTube,Dior Sauvage,positive,0.6597
"im 43 single and introvert, dats y i love my Sauvage Parfum 😸",2024-07-27,YouTube,Dior Sauvage,positive,0.8658
Parfum is the best of the line. EDP close second than EDT. EDT is cheap but the dry down smells metallic,2021-12-08,YouTube,Dior Sauvage,positive,0.3818
The best in collection sauvage,2025-09-27,YouTube,Dior Sauvage,positive,0.6369
Thank you 😊,2022-12-13,YouTube,Dior Sauvage,positive,0.8176
I own the EDP and Elixir. EDP is half full and im considering picking up the Parfum for when the EDP eventually runs out.,2024-02-20,YouTube,Dior Sauvage,neutral,0.0
Great videos,2021-11-27,YouTube,Dior Sauvage,positive,0.6249
This is my favourite though I do like elixir as well. I can’t place one above the other I feel as though both are good,2022-11-10,YouTube,Dior Sauvage,positive,0.7579
After trying them all in my opinion Perfume is the best.,2022-06-24,YouTube,Dior Sauvage,positive,0.6369
This was interesting,2021-11-27,YouTube,Dior Sauvage,positive,0.4019
This smells so fucking sexy. Edt users just don't know hahaha,2022-08-29,YouTube,Dior Sauvage,positive,0.261
Thanks,2023-12-14,YouTube,Dior Sauvage,positive,0.4404
Dior Parfum is underrated. My favorite from the line honestly. It doesn’t project loud but it lasts long on me. Great review mate 🙌🏿,2021-11-27,YouTube,Dior Sauvage,positive,0.8641
"My fav 
exiler 
Edp
Parfum
Edt",2021-11-27,YouTube,Dior Sauvage,positive,0.4588
"First time I ever wore the parfum version, I had a lady literally walk by me, stop and turn around, just to give me that ‘heyy 😉’ reaction… of course this was within the first two hours as the performance really becomes a skin scent after a few hours. Great smelling fragrance though, my favorite out of the EDT and EDP… haven’t tried Elixir but I’ve heard good things about it. There is a fragrance that I tried recently which also doubles as a donation to conservation efforts in saving endangering species. It’s Amur Leopard by Santuary, every purchase contributes to a donation for endangered species preservation like the name hints, in this case the endangered Amur leopard… it’s a great fragrance that people around me loved. Crisp apple and rosemary in the opening with a leathery woods and amber dry down. Definetly a niche fragrance for a good cause, and I would recommend anyone to try a sample out.",2022-03-29,YouTube,Dior Sauvage,positive,0.9836
Can you review the original halloween man?,2021-11-28,YouTube,Dior Sauvage,positive,0.3182
I don't mind the performance of this but I'd like just a little more sparkle of the edt in this one without the spiciness. Also I don't like how this gives me baby powder/diaper vibes. Still my preferred version of all Sauvages.,2023-03-11,YouTube,Dior Sauvage,positive,0.6493
"Any comparison thoughts  with Gisada Ambassador, have it ordered.. Already know what the parfum smells like and really want to order and yes i know which one will be louder... 2 different fragrances or just cut back sprays on Ambassador??? Just looking for thoughts..",2024-08-19,YouTube,Dior Sauvage,positive,0.6408
I have only experience with EDT. It sure is loud.,2021-11-27,YouTube,Dior Sauvage,positive,0.3182
Elixir is the ultimate. Period. I have both and if I need a hitter it’s elixir. But with that said the parfum is great too. I’m not a sauvage fan by any means but I had to buy those two.,2021-11-28,YouTube,Dior Sauvage,positive,0.6378
I wonder how sauvage elixir stacks up with the parfum.,2021-11-28,YouTube,Dior Sauvage,neutral,0.0
"I’ve had the Parfum for about a year and a half, I love it and it is a BEAST, you will never wear this anywhere and not get noticed!",2021-11-27,YouTube,Dior Sauvage,positive,0.6696
Mugler Alien review pls.,2021-11-27,YouTube,Dior Sauvage,positive,0.0772
I got the perfume but I don’t know  Maybe I’m bugging but I feel like the scent disappears in like 45 minutes and somebody has to be really on top of you to smell it after that I got it as a gift definitely smells good but I really don’t understand the hype,2022-07-02,YouTube,Dior Sauvage,positive,0.9536
Dior sauvage can’t be denied. It’s 🔥. That’s why everyone loves it.,2023-06-14,YouTube,Dior Sauvage,negative,-0.1531
I believe broke boys started the agenda that Dior Sauvage sucks. Some loser lost his girl to the fragrance because he was wearing Axe brand 😂😂😂😂,2023-06-15,YouTube,Dior Sauvage,positive,0.0516
I felt this exact way about blue de Chanel until the last time I was at Macy’s I asked the smell it again. I couldn’t deny how good it was and I bought the small 50 mL and ended up using it within a few months went back and bought the three pointfor some of these very popular fragrances are extremely popular for good reason.  If you’ve already got a collection of fragrance I wouldn’t pick up Sauvage but if you’re just starting out and need a versatile fragrance it’s perfect,2023-06-14,YouTube,Dior Sauvage,positive,0.8879
Im wearing the edt since 2017. I only encountered 3 people wearing it up until now. I know it’s popular but not all wear fragrances. Maybe 1:100 ratio.,2023-07-27,YouTube,Dior Sauvage,positive,0.2263
Dior Sauvage EDP is my favorite. Dior Sauvage is the goat 🔥🔥🔥. Thanks  Captain Jack Sparrow AKA Edward Scissorhands.  AHTB,2023-06-15,YouTube,Dior Sauvage,negative,-0.0772
"Triple B you spittin facts bro I really love Dior Sauvage !!! Got the edp,edt, and elixir 😁",2023-06-15,YouTube,Dior Sauvage,positive,0.8544
Most ppl don’t even put fragrance so put anything you like and you will get compliments,2025-02-08,YouTube,Dior Sauvage,positive,0.6369
You just told us last month stop wearing it 😂😂😂,2023-07-21,YouTube,Dior Sauvage,positive,0.7579
I get so many compliments from the lady's when I wear this💯,2023-06-15,YouTube,Dior Sauvage,positive,0.4549
"Dior Sauvage will forever be in my collection, upon all the noisemaking on YouTube I get compliments from women everywhere I go in the real world when I wear it.",2025-04-22,YouTube,Dior Sauvage,positive,0.4019
The accuracy,2023-06-14,YouTube,Dior Sauvage,neutral,0.0
I agree ☝🏽 Reigns supreme! Awesome for fall or office ♥️,2024-11-24,YouTube,Dior Sauvage,positive,0.9402
just got into fragrances and just ordered this,2025-02-02,YouTube,Dior Sauvage,neutral,0.0
5 different variants don’t forget cool spray.. as I check my g shock,2023-06-15,YouTube,Dior Sauvage,negative,-0.296
I still wear Sauvage… the whole lineup! Except the Eau Forte.  It’s a good daily driver 👍 I still get compliments at work when I wear it.,2025-10-12,YouTube,Dior Sauvage,positive,0.7088
Congratulations 🎉 for 222k subscribers,2024-04-02,YouTube,Dior Sauvage,positive,0.765
It’s an all around crowd pleaser but.. for the pineapple note I like X-Batch a little more.,2025-01-30,YouTube,Dior Sauvage,positive,0.6249
Fantastic review ❤,2023-06-15,YouTube,Dior Sauvage,positive,0.8316
Dope content,2023-07-24,YouTube,Dior Sauvage,neutral,0.0
Most fragrance people hate on it I own 50 and 200 decants dior is one of my most complicated I still feel like a boss I keep getting it when I run out of you want it to be different just sprey something else with it I personally love another popular fragrance with it creed aventas that way I smell like a abroxin boam and I smell different,2024-10-29,YouTube,Dior Sauvage,positive,0.8093
Ise it too layer other fragrances.. try dior and then spray cavali uomo on top.. awesomeness,2023-09-09,YouTube,Dior Sauvage,positive,0.2023
Dior Sauvage mastered the fresh and masculine game. I hate smelling floral and like lipstick(iris).,2025-02-17,YouTube,Dior Sauvage,neutral,0.0258
Yeah everybody is starting to find out about Dior sauvage and wearing it. Doesn’t feel special anymore lol. Thanks for the upload BB.,2023-06-14,YouTube,Dior Sauvage,positive,0.8625
"I'm sure the popularity is in part due to the marketing.
I'm thinking about getting the edp. Is this okay for older guys?",2025-08-25,YouTube,Dior Sauvage,positive,0.7597
Great job,2023-06-14,YouTube,Dior Sauvage,positive,0.6249
"Bad thing is everyone is wearing it, you go to a party and it's 20 other brothers wearing the same fragrance 😂",2023-06-15,YouTube,Dior Sauvage,positive,0.2732
Just ordered a 6.70 oz edt that comes with a 10ml edp and four other gifts for $160 from Macy's,2025-03-09,YouTube,Dior Sauvage,neutral,0.0
wise words from bruh bruh,2023-06-14,YouTube,Dior Sauvage,positive,0.4767
"Great review 👍🏻 to be honest i have never smelt sauvage on anyone else , pubs party’s & office . I think it’s a great scent & yes the women love it but yet to get lucky lol 😂",2024-07-04,YouTube,Dior Sauvage,positive,0.968
I don’t care if it’s too popular or too common. I’m not trying to wear a fragrance to please a women or anyone. Yes I have fragrances that do stand out more than Sauvage. But man does Sauvage hold a place in my heart. The EDP is my go to while the EDT is what I wear to work. The Elixir I only wear during the colder weather. So yeah imma have to wait that one out for a bit.,2024-04-08,YouTube,Dior Sauvage,positive,0.9442
"If you want compliments from other men, by oud and avoid sauvage. If you want compliments from women, sauvage is the king. It doesn’t matter that it’s popular and ‘common’ as the majority of people don’t wear cologne so you’ll stand out. I wear it to work and the closest anyone I work with gets to cologne, is either lynx body spray or cheaper fragrances like discounted Hugo boss or Lacoste for example. I get complimented often and so do others wearing cheaper colognes. But specifically, I’ve had people asking ‘what is that? It smells incredible!’ Watch any street reviews where reviewers ask random girls on the street, sauvage always is consistently one of the best.

There’s a reason it’s popular, so do yourself a favour, don’t listen to the fragrance snobs and buy it. You’ll smell amazing.i have quite a few fragrances but none turn heads like sauvage. Closest for me would be YSL Y EDP.",2024-01-28,YouTube,Dior Sauvage,positive,0.943
Inwear this but only in the winter.,2023-06-14,YouTube,Dior Sauvage,neutral,0.0
I got the EDT.  Will pick up a bottle of the EDP soon. .,2023-08-11,YouTube,Dior Sauvage,neutral,0.0
It’s funny cuz sauvage edt 32ml can be bought for $30.42,2024-08-23,YouTube,Dior Sauvage,positive,0.4404
"The Key.. Is my Sauvage 
💪🏽💨B",2023-06-14,YouTube,Dior Sauvage,neutral,0.0
"Alright so I’m definitely going to be getting sauvage but idk which one to get can someone tell me which one would be the best for compliments and just overall weekly use? EDT, or EDP I’m not rich rich lol I don’t have that elixir money",2024-02-19,YouTube,Dior Sauvage,positive,0.1203
aka rexona deo scent,2025-07-02,YouTube,Dior Sauvage,neutral,0.0
Lesssss f•ckn gooooooo‼️,2023-06-14,YouTube,Dior Sauvage,neutral,0.0
Fragrance not friganz. Also I just bought this today. $145 dollars is worth it.,2024-05-12,YouTube,Dior Sauvage,positive,0.2263
What are some great alternatives?,2023-06-14,YouTube,Dior Sauvage,positive,0.6249
"How's about the edt reformulations? 
I was started using and rocking with sauvage at 2016, sulerb quality. Now I'm finished my 2017 batch.. A lot of ppl talked about reformulations especially in 2022,23! It is worth to buy a fresh batch nowadays?",2024-03-14,YouTube,Dior Sauvage,positive,0.593
"I feel Dior Savage is great for your everyday job/ office and School. But outside of that if you wanna stand out and still smell good I recommend look into other colognes so you can catch women’s attention. I’m not saying Dior Savage is bad cologne I’m just saying 95% women already know Dior’s scent. 
 2:20 Exactly",2023-06-14,YouTube,Dior Sauvage,positive,0.7286
"Hey, who’s still wearing Sauvage?? 2026",2026-04-24,YouTube,Dior Sauvage,neutral,0.0
"I've worn this too a few times and the frag smells great. However too many people are sporting this scent, which puts a damper on whatever makes it special.",2023-06-22,YouTube,Dior Sauvage,positive,0.6808
THE ONLY CONS ITS SHE WILL RMBER HER EX😂😂😂😅,2025-02-10,YouTube,Dior Sauvage,positive,0.8807
You're killing me with the GShock. It's not that great. It's not Sauvage great.,2023-12-08,YouTube,Dior Sauvage,negative,-0.8998
"After you posted this video, your words have no value. Didn't you make a video saying never to buy dior sauvage?",2026-02-10,YouTube,Dior Sauvage,negative,-0.2584
I for some reason thinks dior sauvage is absolute GARBAGE. It makes me sick even to smell it. Not sure why but I do love the elixir,2024-05-13,YouTube,Dior Sauvage,positive,0.6333
Perfume the weakest to me,2025-11-29,YouTube,Dior Sauvage,negative,-0.5106
I tried to like this but it just smells horrible to me,2023-09-19,YouTube,Dior Sauvage,negative,-0.6124
"Sauvage elixir vs sauvage parfum, * I like thr sauvage original* which is none of the options lol",2023-05-16,YouTube,Dior Sauvage,positive,0.765
"sauvage parfum is so underated , its the most beatiful scents ive ever smelled, i love all dior sauvage , but parfum is the best for me",2023-12-16,YouTube,Dior Sauvage,positive,0.8555
Parfum stronger?😂 Did you spray the elixir like a week back..,2023-06-18,YouTube,Dior Sauvage,positive,0.7906
I’ve been using the EDP of Sauvage and I get compliments frequently. I’m buying the elixir next,2024-01-17,YouTube,Dior Sauvage,positive,0.4019
By far Elixir is THE best of Dior's long line of fragrance. Warning! Elixir is NOT FOR BROKE BOYS.,2023-12-24,YouTube,Dior Sauvage,positive,0.7155
Shantal is the prettiest woman featured on this channel 😍 Dior Sauvage Parfum 👍🏽👍🏽,2026-05-17,YouTube,Dior Sauvage,positive,0.7717
Parfum is my choice. Actually my SOTD today. ❤,2023-10-06,YouTube,Dior Sauvage,positive,0.6369
"I have the sauvage elixir and my neighbor has the EDT , ( im planning on getting the parfum) in my honest honest opinion, the elixir smells a little too funky. I do like the woody rum smell but i feel it probably doesnt execute like better wood based colognes, i feel the mixture in the elixir made the smell come out a bit more bitter than fresh. So in my opnion i think the parfum one would be best and for women.",2024-01-16,YouTube,Dior Sauvage,positive,0.6395
I sprayed it once with a full spray just to try it then picked my girlfriend up in my car and she couldn’t smell it even in a small confined space so I don’t know why everyone calls it beast mode unless I got a bad batch of it??? I bought it directly from Dior shop online,2024-02-09,YouTube,Dior Sauvage,negative,-0.6174
"Imagine wasting money on elixir when you can buy Lattafa Asad. That has slightly less longevity, more vanilla, less lavender, and super cheap. Like 20-30 dollars. 90 percent similarity",2023-04-25,YouTube,Dior Sauvage,positive,0.5325
Elixir much better.,2023-04-13,YouTube,Dior Sauvage,positive,0.4404
Parfum is king. So much more versatile too.,2024-01-25,YouTube,Dior Sauvage,neutral,0.0
She is one beautiful specimen,2023-11-11,YouTube,Dior Sauvage,positive,0.5994
Sauvage elixir gives me a headache.,2023-03-23,YouTube,Dior Sauvage,neutral,0.0
"Yeah, no lol elixir is the strongest out of the 3. It stayed on my jacket for a few days compared to my EDT",2023-11-29,YouTube,Dior Sauvage,positive,0.4153
I didn't hear a word she said... What she pick??? Call me a simp but damnnn,2024-01-08,YouTube,Dior Sauvage,neutral,0.0
I have a decant of the parfum and it’s nowhere near the strength of the elixir which is nuclear on me,2024-01-09,YouTube,Dior Sauvage,negative,-0.3875
W,2025-01-05,YouTube,Dior Sauvage,neutral,0.0
"I know I'm basically alone in this, but I can't stand Elixir.",2023-03-22,YouTube,Dior Sauvage,negative,-0.128
Whats original? Parfum?,2023-03-22,YouTube,Dior Sauvage,positive,0.3939
Elexir is better🎉🎉 than original... it's like shower 🚿 geel 😂,2023-12-20,YouTube,Dior Sauvage,positive,0.9325
Original is the edt lol,2024-01-08,YouTube,Dior Sauvage,positive,0.6249
"I went to the mall today and went into a fragrance shop.. The assistant put two sprays of Sauvage Elixir onto my arm... I got alot of dead eyes from passing people as I walked through the mall and around the shops for two hours.  It was so strong that it smelled like an elderly senior citizen who had just eaten a spicy rice meal and then unleashed the most menacingly offensive turbo belch.... The journey home was a terrifying experience for my passengers and I as the smell gave us all a pounding headache and sickly feeling... The 30 minute journey seemed to last a lifetime of pure intensive hell...Upon arriving home I rushed to the nearest tap in order to wash off the elixir... Even after washing off,  the smell was still determined to come back like the terminator.. I will never again be able to wear this rice spiced bomb of embalming fluid that Dior have put out to the public.",2023-09-19,YouTube,Dior Sauvage,negative,-0.5167
😅😂😅😂  New tester.,2023-09-28,YouTube,Dior Sauvage,positive,0.8689
Bro looks nervous and jittery,2023-11-11,YouTube,Dior Sauvage,negative,-0.2732
Oily?????? 😂,2024-01-07,YouTube,Dior Sauvage,positive,0.594
Not anymore,2026-03-23,YouTube,Dior Sauvage,neutral,0.0
Do she got insta,2023-10-27,YouTube,Dior Sauvage,neutral,0.0
Drop the @ bro,2025-01-07,YouTube,Dior Sauvage,negative,-0.2732
"Guys,we have to follow Jesus before its too late",2025-02-10,YouTube,Dior Sauvage,neutral,0.0
Bro elixir is better than,2023-12-10,YouTube,Dior Sauvage,positive,0.4404
Elixier smells bad.,2023-03-23,YouTube,Dior Sauvage,negative,-0.5423
Elixir is NOT as good,2023-09-13,YouTube,Dior Sauvage,negative,-0.3412
Don't listen to this nonsense,2026-01-15,YouTube,Dior Sauvage,negative,-0.481
She's NOT paying attention to what she's doing,2025-01-01,YouTube,Dior Sauvage,neutral,0.0
Cool bro,2026-04-02,YouTube,Dior Sauvage,positive,0.3182
It’s a classic already 10 out of 10,2022-06-02,YouTube,Dior Sauvage,neutral,0.0
"Love this scent, Edt is my first bottle which I'm came in this world of fragrances. Has a peace in my heart forever, because a lot of memories I have'it is with him ❤️😁🔥",2021-10-22,YouTube,Dior Sauvage,positive,0.926
Team EDP- Slightly creamier more well rounded and grown up without dramatically altering the dna nor making it super formal. The nutmeg and vanilla bouncing off the ambroxan and pepper in the EDP is intoxicating. The EDT doesn't have that contrast making it a juvenile beginners fresh gym scent to me - not really my jam.,2021-10-15,YouTube,Dior Sauvage,positive,0.073
This is a NUCLEAR ☢️ BOMB 💣 no joke omg 😳,2022-06-02,YouTube,Dior Sauvage,negative,-0.841
"I have Dior Sauvage EDT for casual outings. Dior Sauvage EDP for more formal, dressed up ones. I wear EDT when I’m out with friends or shopping. I wear the EDP when I’m at a formal meeting or at church. I’ve smelled all the Sauvage flankers and the only disappointment was Parfum. I love EDT, EDP, and yes Elixir is on a whole other level. It’s so dark, rich, and powerful in a good way— but not worth buying right now.

My first formal fragrance for meetings or church was Burberry for Men in the colder months and D&G Pour Homme in the warmer months.",2021-10-14,YouTube,Dior Sauvage,positive,0.8702
Tremendous great stream as always 👍👍👍 I have 2016 6.8 Oz and just got a backup 6.8 bottle and it’s 2020 batch and I’m scared when I open it eventually that it will be a weaker one,2021-10-14,YouTube,Dior Sauvage,negative,-0.1045
What company makes a reasonably priced clone to Sauvage?,2021-10-15,YouTube,Dior Sauvage,neutral,0.0
"Dior sausage edt is a good cologne, in my opinion…
Performance: 9/10, lasts 6-8hrs and has great projection.
Scent- 7/10 clean, office scent, it smells like dishwasher, laundry scent, it’s a chick magnet because woman do the dishes and laundry and are reminded of the scent of sauvage.
Uniqueness- 4/10. A lot of guys wear this cologne, I smelled a guy that smelled like sauvage in the mall the other day, also other colognes try to mimic it.
Overall- 7.5/10, it’s a great first cologne, you can never go wrong with it, less sprays is better for this cologne, and I recommend getting Versace Dylan blue, its cheaper and smells similar.",2021-10-14,YouTube,Dior Sauvage,positive,0.9763
Skinny jeans gold chain fade haircut that is dior suavage,2021-10-15,YouTube,Dior Sauvage,neutral,0.0
"Parfum is the best fragrance, along with Elixir, but the most versatile is EDP",2025-10-10,YouTube,Dior Sauvage,positive,0.3818
"i had all many times, but EDT is the one",2026-04-06,YouTube,Dior Sauvage,neutral,0.0
Parfum is my favorite!!,2025-10-09,YouTube,Dior Sauvage,positive,0.555
Sauvage Elixir is my favorite🔥 Thanks Ash!,2025-10-09,YouTube,Dior Sauvage,positive,0.5848
EDP and Parfum for me,2025-10-09,YouTube,Dior Sauvage,neutral,0.0
"EDT, EDP, Parfum, Elixir, you just can’t go wrong with any of these 💯🔥",2025-10-09,YouTube,Dior Sauvage,negative,-0.6705
Been waiting for this video. The knowledge is crazy,2025-10-09,YouTube,Dior Sauvage,negative,-0.34
EDP best one for me🔝,2025-10-09,YouTube,Dior Sauvage,positive,0.7739
"SAUVAGE ELIXIR IS FIRE 🔥🥵 
#1 CHOICE",2025-10-09,YouTube,Dior Sauvage,negative,-0.6739
I love sauvage edt its a very soft fresh fragrance. Perfect for any occasion i cant get enough of the smell.,2026-05-31,YouTube,Dior Sauvage,positive,0.888
sauvage parfum was my second ever fragrance and what started my interest and collection for fragrances,2025-10-09,YouTube,Dior Sauvage,positive,0.4588
Edp and elixir! Great combo to have.,2025-10-09,YouTube,Dior Sauvage,positive,0.6588
Gisada is 🔥 it smells like a blend of erba pura and sauvage,2025-10-10,YouTube,Dior Sauvage,neutral,0.0258
best sauvage guide I've seen so far,2025-10-16,YouTube,Dior Sauvage,positive,0.6369
"This influencer is great!
I went with edp..non stop compliments!
It has ""it""",2026-03-12,YouTube,Dior Sauvage,positive,0.7339
"Dior sauvage parfum is my absolute favorite from the line it's smells just like the EDT but smoother , smoky and creamy",2025-11-29,YouTube,Dior Sauvage,positive,0.4118
parfum and elixer ! cant go wrong,2026-01-26,YouTube,Dior Sauvage,positive,0.4303
Elixir is one of my all time favourite fragrances,2025-10-10,YouTube,Dior Sauvage,neutral,0.0
I hit my tshirt with Elixir when I first got it. Wore it for a day and night. Tossed it in the laundry basket. Washed and dried it a few days later. Came out of the dryer smelling just as strong as before I washed it. That stuff is thick.,2025-10-09,YouTube,Dior Sauvage,positive,0.5106
I have the EDT and Elixir. Got many compliments from both but most from the elixir. Love that stuff.,2025-10-11,YouTube,Dior Sauvage,positive,0.8248
"I finished the EDT years ago, I'll probably be getting the Parfum and Elixir version",2025-10-13,YouTube,Dior Sauvage,neutral,0.0
"I wanted to not like this fragrance line due to so much marketing and so many people using it (apparently) but oh my goodness is the hype real. I tried the EDP Elixir and EDT and they all smelled absolutely incredible. Masculine, fresh…just amazing on my skin overall",2025-12-13,YouTube,Dior Sauvage,positive,0.8762
Ash gpt and I’m here for it. Our fregrance guru is entertaining us smelly water addicts yet again ! ❤,2025-10-09,YouTube,Dior Sauvage,positive,0.8122
"I wear sauvage elixer everyday because i can and i will
😂",2025-10-10,YouTube,Dior Sauvage,positive,0.4404
For the first year or so after the edt came out it was nuclear before it got reformulated. Unreal compliments. You had to be there.,2025-10-11,YouTube,Dior Sauvage,positive,0.4019
The Parfum has grown on me immensely.  I like that one the most now.,2025-10-09,YouTube,Dior Sauvage,positive,0.3612
"You can't go wrong with either. Got all of em, one for every occasion.❤",2025-10-10,YouTube,Dior Sauvage,positive,0.7753
Elixir is the best in the lineup. And Dior solidified that thrown by having Capt Johnny Depp sit at the mantle 💪🎉,2025-10-09,YouTube,Dior Sauvage,positive,0.7845
Suavage EDT 2025 reformulated version and Dior Elixir are the best,2026-02-15,YouTube,Dior Sauvage,positive,0.6369
"I’m an EDP guy, but I’m looking to buy Elixir sometime. 

Parfum would be my other choice.",2025-10-10,YouTube,Dior Sauvage,neutral,0.0
For me  *E D T*  - the absolutely Icon of Sauvage.,2026-04-25,YouTube,Dior Sauvage,neutral,0.0
I love the EDP for more daily wear year around and the Elixir for fall/winter and more special occasions. I still love the EDT for high heat summer.,2025-10-10,YouTube,Dior Sauvage,positive,0.908
"Sauvage Elixir is my number one pick for the fall & winter. I love the way it smells on me the day after too, not many fragrances out there that I can say that about.",2025-12-23,YouTube,Dior Sauvage,positive,0.6705
The Dua Brand just dropped an inspiration of Eau Forte called Savage Water 🤘,2025-10-09,YouTube,Dior Sauvage,positive,0.1027
Two uploads in a day is crazy,2025-10-09,YouTube,Dior Sauvage,negative,-0.34
"More videos like this, great video Ash",2025-10-09,YouTube,Dior Sauvage,positive,0.825
"I always use the EDT as everyone seems to like it on me.

Very versatile.

I like the fact that most are using the EDP now rather then the EDT.

In my opinion that makes it more unique as I'm now one of the very few wearing the original.

Luna rossa carbon from Prada, 
I once bought in the duty free, but when I checked in Sephora stores in Paris, France they said it's discontinued.",2025-10-14,YouTube,Dior Sauvage,positive,0.6632
"I love Sauvage. It's my go to winter fragrance.  But all the variants, I need to know them apart.",2025-12-13,YouTube,Dior Sauvage,positive,0.3818
"Ash you should do a video based on the fragrances that led to the creation of Sauvage Elixir.. like which fragrances from the 80s? and the 90s? Played a part in creating the OG.. that would be an interesting watch and I’d like to know myself actually, I own a bottle of the original and now I’m going crazy with the clones and inspired versions",2025-10-13,YouTube,Dior Sauvage,positive,0.9419
"For me Sauvage Parfum is absolutely superior.
Great scent and the top 5 Dior men's fragrance for me",2025-10-09,YouTube,Dior Sauvage,positive,0.8742
Long Awaited video... Thanks a lot.,2025-10-09,YouTube,Dior Sauvage,positive,0.4215
Finally. A quality video.,2025-10-10,YouTube,Dior Sauvage,neutral,0.0
DOUBLE UPLOAD WOOOOO!!!,2025-10-09,YouTube,Dior Sauvage,neutral,0.0
"Great video,  thanks",2026-06-04,YouTube,Dior Sauvage,positive,0.7906
"I’ve bought property on Sauvage Eau Forte island. 
I love it. Works great off my skin. Second favorite behind Elixir",2025-10-10,YouTube,Dior Sauvage,positive,0.9062
"Before watching the video, ive been a fairly big cologne guy. I have always HATED sauvage from the beginning. Ive gone back to it multiple times trying to retrain my brain to like it, no go. With that being said i made my most recent attempt to like it again in hopes of having a preference change towards the edp or the elixir, i walked away almost needing to have the parfum. If you havent tried it, it is one of the best sauvages that never gets mentioned.",2025-10-09,YouTube,Dior Sauvage,positive,0.595
They all rock and have their place on my shelf,2025-10-10,YouTube,Dior Sauvage,neutral,0.0
Edt still gets compliments.,2025-10-09,YouTube,Dior Sauvage,positive,0.4019
Very Cool Spray was the best for me,2025-10-09,YouTube,Dior Sauvage,positive,0.7778
Best fragance influencer by far,2025-10-09,YouTube,Dior Sauvage,positive,0.6369
That bottle looks special,2025-09-22,YouTube,Dior Sauvage,positive,0.4019
As an absolutely broke man would you mind helping a brother out and sharing some of those!? 🤣,2025-01-11,YouTube,Dior Sauvage,positive,0.6596
seerzeno Submariner is crazy good for the price,2025-12-24,YouTube,Dior Sauvage,positive,0.128
Cool,2023-04-05,YouTube,Dior Sauvage,positive,0.3182
"My fave cologne, a co worker gifted me a used bottle and now I’m hooked",2025-12-06,YouTube,Dior Sauvage,positive,0.4404
"Dior Suite at Majestic Hotel Has Everything for Cannes Film Fest Glam. Majestic’s Dior Suite last year hosted stars Natalie Portman, Robert Pattinson, Jennifer Lawrence, Ryo Yoshizawa, Nicole Wallace, Harriet Herbig-Matten, Razane Jammal and Nadia Tereszkiewicz.",2026-05-14,News,Dior Sauvage,neutral,0.0
"20 Years After Santal 33, Does Le Labo Still Smell Like Cool?. The brand’s scent profiles became prized for distilling understatement. But then everyone south of 14th street caught on.",2026-05-13,News,Dior Sauvage,positive,0.5574
"Great Escape: Dior’s Beauty Suite at the Cannes Film Festival. Dior's Beauty Suite is returning to the Cannes Film Festival, where it preps celebrities for their red carpet moments.",2026-05-12,News,Dior Sauvage,positive,0.9628
"7 Years Later, Netflix's Relentless Spy Thriller Is A Near-Perfect Binge Missing 1 Fix. One of the finest spy thrillers available to stream simply must come back to Netflix ASAP.",2026-05-10,News,Dior Sauvage,negative,-0.128
Simple sa bol ke sabko gareeb bana diya,2025-10-26,YouTube,Creed Aventus,neutral,0.0
Simple sa creed aventus 💀💀💀,2025-10-26,YouTube,Creed Aventus,neutral,0.0
Main to 200 wala bhi aise na lagaoon,2025-10-27,YouTube,Creed Aventus,neutral,0.0
Bilkul simple sa 28000rs ka bohot simple hai 😂,2025-10-26,YouTube,Creed Aventus,positive,0.4404
Bhai alag hi look ❤,2025-10-26,YouTube,Creed Aventus,positive,0.6369
Mujhe laga armaf ka CDNIM lagaoge 😅 kya rahul Bhai...creed laga k lalsa badha di... ❤,2025-10-27,YouTube,Creed Aventus,positive,0.7717
He literally spray 12 times. 😂😂,2026-02-18,YouTube,Creed Aventus,positive,0.7003
Brother please review lattafa badee al oud honor and glory,2025-10-26,YouTube,Creed Aventus,positive,0.8402
"Bhai aapke videos dekhne mai maza ata hai . Long length wala bhii . 
150 k subscribers le liye aapko bhot shubhkamnaye already 😊 
Bhai aap iss 150 k family banne ki khushi mai Giveaway karo even 5 ml of this is fine ❤🤗",2025-10-27,YouTube,Creed Aventus,positive,0.93
Mene bhi liya Creed Eventus try Kiya very long lasting hai,2025-10-29,YouTube,Creed Aventus,neutral,0.0
bhai latafa angham ka review manga tha,2025-10-26,YouTube,Creed Aventus,neutral,0.0
Looking cool brother🫂❤❤,2025-10-27,YouTube,Creed Aventus,positive,0.8934
Nice Rahul bhaiya,2025-10-26,YouTube,Creed Aventus,positive,0.4215
Bhai I was thinking to buy it thanks,2025-10-26,YouTube,Creed Aventus,positive,0.4404
Bhai Imperial Blue and Daarej me difference bata do and college keliye konsa zyada accha rahega for winter,2025-10-27,YouTube,Creed Aventus,neutral,0.0
"Not 500 brother,
For anyone wondering its about 40-45 rupees",2025-10-26,YouTube,Creed Aventus,neutral,0.0
Rahul bhai.. please make videos on Makkaj brand.,2025-10-27,YouTube,Creed Aventus,positive,0.3182
I try arfam clu de intense,2025-10-31,YouTube,Creed Aventus,positive,0.0772
Me to behosh ho jau itna perfume laga liya to,2025-12-09,YouTube,Creed Aventus,neutral,0.0
Best Part Is Rs. 500,2026-05-19,YouTube,Creed Aventus,positive,0.6369
Pls review Rio Rabbit's perfumes,2025-10-30,YouTube,Creed Aventus,positive,0.0772
Waiting for 150k subscribers Rahul bhai❤,2025-10-27,YouTube,Creed Aventus,positive,0.6369
Rahul bhai maine bhi gharwalon ko simple sa perfume bol kar Roja Elysium le liya tha aur ab pichle ek saal se roj gaaliyaan khata hun,2025-10-27,YouTube,Creed Aventus,neutral,0.0
Adil qudri ka attar ka video banaooooo👏👏👏 please 🥺😢❤❤,2025-10-27,YouTube,Creed Aventus,positive,0.8225
Simple sa 🥲,2026-05-07,YouTube,Creed Aventus,neutral,0.0
Bhai park Avenue auphoriya ka review karo,2025-10-26,YouTube,Creed Aventus,neutral,0.0
"30k is full battle so how is possible that 1 spry =500rs 
Can you explain plz?",2025-10-27,YouTube,Creed Aventus,negative,-0.3182
Vhai thoda sa investment Dress pe bhi kr lete. Allen Solly ka sweatshirt pehne ho. Creed ke saath nhi match horha,2026-02-12,YouTube,Creed Aventus,neutral,0.0
"12 SPRAY Aur 6000 Rupee Uda diye gayeee : D .


HELLO BHAIYAAA , QUESTIONS DEKHLO PLSSSS




1. Ek ESA TOP DNA BATAO jo daily use ke liye bana ho . Jiske bahut sare inspired clones he Ek esa TOP fragrance batao bhaiya (VERSATILE DNA) 



Aur special request he ki Mai fragrance din me do tin bar laga deta huuu to iske hisab se jyada strong nah ho aur nah hi jyada Weak .ex Subhe subhe 3-6 sprays laga liye shyam ko 2-3 sprays laga diye aur rat ko bhi 2-3 sprays laga diye iske hisab se bhi bata do bhaiya .


2. Ek esa fragrance bhi bata do jo me Gharpe bethe hue bhi laga sakta hu .

3. Aur ek esi fragrance jo JITNI DHUP USKO LAGE UTNA JYADA PROJECT AUR SILLAGE USKA BADH JAYE and BEAST MODE BHI HO.

Vice - Versa Matlab 3 question ka opposite Jo Jitni thand ho utna jyada projection aur sillage badh jaye and beast mode bhi hoo..

Thank You BHAIYAA APki Vaje se Me meri Fragrance Journey Start kar paya hu . Aur han 9 pm Deliver ho chuka He ekdam Mast heee . Pahle din hi lagakar compliments mil gaye dosto se . 

4.Hawas OG ke sath unone Hawas Kobra ka 3 ml decant bhi bheja tha as as first order gift from aar fragrances . Mene mere dost ko hat pe lagakar aur t shirt ko lagakar diya tha uske SAree gharwalo ko pasand aya hai . IMAGINATION KA DNA BOHOT PASAND AYA UN SABKO . 
me mere dost ko gift karna chahata hu To gifting ke liye konsa IMAGINATION DNA ACHHA RAHEGA .

5.Jaldi se Almire wale perfumes aur godrej ki tijori mai jo apne chupa ke rhake he unka Sabka Content Banao . Warna me Apke ghar pe raid marduga : D .",2025-10-26,YouTube,Creed Aventus,positive,0.9616
"Bro mujhe ek perfume lena h under ₹1000 jo ki kafi attractive ho or sexy smell krta ho to mujhe konsa lena chahiye please🙏🙏 batado 


Kya mai *•Arabian aroma seduction perfume le skta hun ya •Wild stone ka edge  Ya fir •Beardo whisky somke",2026-03-07,YouTube,Creed Aventus,positive,0.8225
Simple 😃,2025-11-08,YouTube,Creed Aventus,positive,0.3612
new version of rahul bhai😂,2025-10-27,YouTube,Creed Aventus,positive,0.4404
"Bhai college mni girls ke complement 
1. Le mal le perfume 
2. Versache Eros 
3. Space boom 
4. Armaf club de nut .... 
Please reply me ❤❤❤❤❤❤❤",2025-10-26,YouTube,Creed Aventus,positive,0.9869
Abhi google khola news article padhne toh aap ka video aya abhi...,2025-10-26,YouTube,Creed Aventus,neutral,0.0
Bhai ne 360 rupees ka perfume laga liya😮,2025-11-02,YouTube,Creed Aventus,neutral,0.0
Cdnim kitne sprays se acha perform karta hai,2025-10-26,YouTube,Creed Aventus,neutral,0.0
Iske 1 spray ke to Mera 1 perfume bhi nahi hai 😢 sad,2025-10-27,YouTube,Creed Aventus,negative,-0.7351
Isko pina bakhi reh gaya 😅,2025-10-26,YouTube,Creed Aventus,positive,0.3612
Bro Plzz Do A Collab With Noel Thomas And Other International Creator,2025-10-27,YouTube,Creed Aventus,neutral,0.0
Lattafa Sheikh Al Shuyukh Supreme kase h bhai pls bata do i want to buy synthetic toh nhi lgta,2025-10-27,YouTube,Creed Aventus,positive,0.6369
Bhai ... college student hun aur 1k me daily use perfume chahiye. Har season me alg alg,2025-10-31,YouTube,Creed Aventus,neutral,0.0
200rs. per spray😂,2026-04-13,YouTube,Creed Aventus,positive,0.4404
🤗,2025-10-27,YouTube,Creed Aventus,positive,0.4215
Mai toh ekdum bharke maarta hu.😂,2025-10-30,YouTube,Creed Aventus,positive,0.4404
Bhai daddy parfum ka review karo ❤❤❤❤❤❤❤❤❤❤❤❤❤❤,2025-10-27,YouTube,Creed Aventus,positive,0.9963
Spray toh nahi paise gin rha tha mai toh 💀,2026-04-01,YouTube,Creed Aventus,neutral,0.0
Cobra 🐍 ke simple 4 spre sabko bahar nikal ne ke liye kafi hai 😉,2025-10-27,YouTube,Creed Aventus,neutral,0.0
12 sprays,2025-10-26,YouTube,Creed Aventus,neutral,0.0
Price bhi toh bata do,2026-04-15,YouTube,Creed Aventus,neutral,0.0
Armaf ke Event mein Creed Avantus??  Logon ko lagega CDNIM laga ke aaya hai 😜,2025-10-26,YouTube,Creed Aventus,neutral,0.0
The fact that it’s debatable is insane,2025-04-11,YouTube,Creed Aventus,negative,-0.4019
Bro said creed was the clone 💀,2025-04-03,YouTube,Creed Aventus,neutral,0.0
Shawty got that money nose gotta watch out for her 😂😂😂,2025-04-11,YouTube,Creed Aventus,positive,0.8271
"She said ""You be knowing!"" and touched her hair lovingly she's so nice",2025-04-23,YouTube,Creed Aventus,positive,0.8217
bro fell under peer pressure and switched answers,2025-08-25,YouTube,Creed Aventus,negative,-0.296
Girl in black got it right...,2025-04-11,YouTube,Creed Aventus,neutral,0.0
Am I tripping? I'm not seeing comments saying that he contradicted himself.,2025-04-17,YouTube,Creed Aventus,negative,-0.3182
This a DOOOOOOOP?😂😂😂😂 she’s lovely 🥰,2025-03-31,YouTube,Creed Aventus,positive,0.9709
That was confusimg because the one in her left hand was Creed and then after the pause the one in her left hand is now Club de nuit. Dont know which was whixh honestly,2025-04-16,YouTube,Creed Aventus,positive,0.8555
He got it backwards,2025-04-10,YouTube,Creed Aventus,neutral,0.0
Never smell something some stranger hands you. Stay safe in these streets. 😢,2025-11-07,YouTube,Creed Aventus,negative,-0.0516
Armaf Club de nuit (2015) is a clone of Creed Aventus. Aventus was created in 2010 for the celebration of creeds 250th anniversary. Fun fact Creed was officially appointed a supplier to the french royal household in 1854. Aventus is inspired by Napoleon Bonaparte.,2025-04-24,YouTube,Creed Aventus,positive,0.8176
"Its Club de Nuit intense and it's a very good fragrance. It does take about 15-20 minutes to calm down after application but once it does it's amazin and  has great longevity.

I use it all the time in favour of my Creed and Tom Ford",2025-04-12,YouTube,Creed Aventus,positive,0.9245
"I’m pretty sure they don’t set the price based on the smell, more like what was used to make the scent.",2025-04-16,YouTube,Creed Aventus,positive,0.807
The one in the black is definitely more expensive.  Girl in white seems chill.,2025-05-29,YouTube,Creed Aventus,positive,0.4019
NAAHHH SHES A KEEPER😂😂😂 DOOPEEEEE,2025-04-04,YouTube,Creed Aventus,positive,0.8271
"Naaah she (black dress) was right actually , and you wrong tho. cause you mention  it clearly which one is creed and which one is not  in the beginning .",2025-04-01,YouTube,Creed Aventus,negative,-0.1027
$600? No it ain’t 😂,2025-04-16,YouTube,Creed Aventus,positive,0.1779
This is da dooopeeee,2025-04-10,YouTube,Creed Aventus,neutral,0.0
This is confusing… based on the labeling on screen the first girl said creed was more expensive.. which is the right answer.,2025-10-15,YouTube,Creed Aventus,neutral,0.0
The one that was ‘right’ picked the wrong one 😂😂😂,2025-09-13,YouTube,Creed Aventus,positive,0.6808
600$ CLONE 😂,2025-04-11,YouTube,Creed Aventus,positive,0.4404
Takes a fake to know one I guess 😅,2026-03-23,YouTube,Creed Aventus,negative,-0.1531
Baddies knows the difference. All I needed to see,2026-03-01,YouTube,Creed Aventus,neutral,0.0
This a dupe took me out there catching on fellas😂😂😂😂😂😂,2026-01-04,YouTube,Creed Aventus,positive,0.9313
The papers aren’t labeled irl that means that they might have liked the scent of creed more but he switched it in the video,2025-04-16,YouTube,Creed Aventus,positive,0.2263
She say “Duuuuuuupe” 😂,2025-11-07,YouTube,Creed Aventus,positive,0.4404
Now have her small the opening for both.,2025-04-06,YouTube,Creed Aventus,neutral,0.0
Talking about Duuppeeee while holding a bag from Zara 🤡,2025-09-22,YouTube,Creed Aventus,neutral,0.0
Friend with the green know ❤❤❤❤,2025-12-02,YouTube,Creed Aventus,positive,0.9682
The blonde girl was right if you priced the ones right where she had them in her hand with the pictures,2025-03-31,YouTube,Creed Aventus,positive,0.4939
Shoulda got the limited edition CDNIM,2025-03-31,YouTube,Creed Aventus,negative,-0.2263
"I use both, and unless you have the actual greed it will be very similar. The club duit doesn’t have the musk smell, more of a chemical hint",2025-04-20,YouTube,Creed Aventus,negative,-0.4019
I feel like being in a shell-game hustler situation. Where is the right scent? 😆,2025-04-16,YouTube,Creed Aventus,positive,0.6124
Girl on the right is more expensive,2025-12-20,YouTube,Creed Aventus,neutral,0.0
Still crazy coz the cheap one still smells great. I've used it.,2025-10-15,YouTube,Creed Aventus,positive,0.4019
Intense man is actually sooooooooo good!,2026-01-24,YouTube,Creed Aventus,positive,0.5411
A reminder that most people dont get the difference and the ones who say they know it most of the time dont even have money to get it 😂,2026-02-24,YouTube,Creed Aventus,positive,0.4404
"She said the club de nuit was more expensive people, pay attention the girl in the white shirt picked the club.",2026-06-06,YouTube,Creed Aventus,negative,-0.1689
The 2nd woman was a keeper,2026-03-24,YouTube,Creed Aventus,neutral,0.0
The fact that can smell something more expensive,2025-04-24,YouTube,Creed Aventus,neutral,0.0
"Duuupe is better than creeed, Price✅ long-lasting ✅",2025-09-22,YouTube,Creed Aventus,positive,0.4404
На дальнем фоне девушка обворожительна,2025-10-13,YouTube,Creed Aventus,neutral,0.0
Club de nuit doesn't cost $20 unless if it's a knock off.,2025-12-03,YouTube,Creed Aventus,neutral,0.0
Idk how both them scents are enjoyable to people.,2025-10-31,YouTube,Creed Aventus,positive,0.3612
Its because the creed one is natural and last wayy longer but the clone is made with chemicals and doesn't last much time,2026-03-18,YouTube,Creed Aventus,positive,0.1901
"I bought Club De Nuit intense man, the Aventus clone, it definitely smells similar but in an unpleasant way, it has an overwhelming lemon scent that doesn’t fade",2026-01-19,YouTube,Creed Aventus,negative,-0.4854
"I’ve smelled both, it’s a pretty good dupe creed not worth that price",2025-12-04,YouTube,Creed Aventus,positive,0.4468
OMG 😳 😂 the Zara shopping bags in their hands 😅,2025-11-11,YouTube,Creed Aventus,positive,0.6597
Bro you kept their heart 😂,2025-11-08,YouTube,Creed Aventus,positive,0.7964
Finally earned enough YT revenue to buy Creed,2025-10-02,YouTube,Creed Aventus,neutral,0.0
Something about this perfume is so unique using it from past 5 years,2026-03-19,YouTube,Creed Aventus,neutral,0.0
This perfume is expensive and it's disadvantage  it's very expensive and it's makes its popular and I used a sample bottle and it's projection is good for an hour and after that if anyone comes close to me or make a close contact with me they always give me good compliments so it's a good perfume with fruity punchy and refreshing perfume for summer  and creed silver water is also a good one,2025-09-29,YouTube,Creed Aventus,positive,0.9269
Love you bhaiya,2026-01-15,YouTube,Creed Aventus,positive,0.6369
whats the fixcatation Abt compliments?,2026-03-06,YouTube,Creed Aventus,positive,0.4019
Bhaiya mujhe Dior sauvage ka clone attar chahiye saste dam par,2026-01-15,YouTube,Creed Aventus,neutral,0.0
Please reply me bhaiya,2026-01-15,YouTube,Creed Aventus,positive,0.3182
"Go with Creed Green Irish Tweed , it is deeper. And truly I’ll go now with Dior Homme Intense and Tom Ford Intense than ye oldy house of creed after being trapped within them for years . Best from Oxford",2026-05-24,YouTube,Creed Aventus,positive,0.6486
"SRK in what?
Acting?",2025-12-21,YouTube,Creed Aventus,neutral,0.0
Liked it initially but as I tried more and more different perfumes this is a very boring smell. It's just lemon-ish sour smell for me. Don't really understand why it's so hyped.,2025-08-23,YouTube,Creed Aventus,negative,-0.359
Any best clone ??,2025-05-10,YouTube,Creed Aventus,positive,0.6767
"I know many will say this is old news, but it was inevitable to cover Aventus on this channel at some point. What are your thoughts on Aventus? A timeless classic worthy of the praise, a hyped scent that falls short of its reputation, or something in the middle of the extremes?",2022-02-01,YouTube,Creed Aventus,positive,0.8782
This guys a professional yapper,2025-01-04,YouTube,Creed Aventus,neutral,0.0
Creed is Lamborghini/Rolex doesn’t matter if u see a lot of people with a Rolex. It’s still a Rolex.,2024-02-03,YouTube,Creed Aventus,neutral,0.0258
"Bought this over a year ago. Absolutely incredible scent and performance is good. Compliment heavy hitter, but the price kills it's purchase consideration.",2022-11-30,YouTube,Creed Aventus,negative,-0.4118
Listen to this guy for watches not for perfumes,2024-12-14,YouTube,Creed Aventus,neutral,0.0
Aventus is like that indie band that makes it big and people start to hate them for being too popular lol,2025-01-25,YouTube,Creed Aventus,positive,0.5267
"I bought this fragrance right at the introduction in 2010. I was looking for a special fragrance, researched online and found this recommendation of a ""brand new"" niche scent. I went to the only store in town which sold it, one of the biggest shopping houses in europe. No one knew Aventus back then and barely did people knew about Creed. 

I smelled the frangrance and fell in love. To this very day, I have never ever smelled a better thing like this first bottles of Aventus. It is really by far the most heavenly smell on earth.

I got compliments for left and right. In public office buildings in elevators, where never strangers start to talk, someone said ""who is smelling so good"" and a chatter about it started. On the street people stopped me: ""Is this you, wow you smell so good!"". Women, men, adults, older people. It was crazy. It was unbelievable.

I received so many compliments, one day in an office I worked the boss came over and asked us: ""Who is smelling so good, the whole office smells so good!"" I knew it was me, had only sprayed two times. I told him and in the middle of work he went to the store and came back with Creed Aventus.

Then the reformulations started: first, the Birch note was nearly completely vanished. By this time, many people started to buy this fragrance which was a real weapon. There is a reason people called it panty dropper. It really was. Why should there be so many people calling it like this if there never was something to it? It was. It just changed by the time the real masses adopted the fragrance.

It felt like Creed thought that this fragrance was too good to be on the market. At first I thought they will bring the real formula back for a higher price. Which would be ok, I would pay easily 1000$ on a bottle if it were the real formula. I thought they will do this, to outprice the masses and make it a niche again. But instead they just reformulated it so bad, that not only the smokiness was gone but later the lasting of the fragrance was dropped to half an hour. While it was days at the beginning.

If they ever will bring back the original frangrance, people who now don't understand the batch discussions, will understand.",2022-04-29,YouTube,Creed Aventus,positive,0.9572
I wish you guys still made videos. The quality of video is great and your video is well thought out,2024-11-21,YouTube,Creed Aventus,positive,0.836
"been wearing this for 10 years and it's still my favorite scent overall! it's changed over the years and is way less powerful than it was in 2012 BUT it's still fantastic! i think it's funny that everyone says so many people wear it, but the truth is it's not as popular as the internet would have u believe! i agree that it smells better in the air!!!",2023-01-03,YouTube,Creed Aventus,positive,0.9671
In my opinion nothing dries down to mix with the skin so beautifully like aventus I mean nothing!..great video,2022-02-02,YouTube,Creed Aventus,positive,0.8321
Im looking to buy my first bottle of Aventus in 2025. I wear Savage elixir. I get compliments every time I wear it,2025-05-22,YouTube,Creed Aventus,negative,-0.0772
"Fajny film. Jak obecnie z trwałością i projekcją nowego Aventusa bo stare batche były słabe ? Ja mam batch F004179,  jest bardziej dymno-brzozowy niż owocowy, co bardzo mnie rozczarowało !",2026-05-25,YouTube,Creed Aventus,neutral,0.0
"Accidentally stumbled upon this fragrance channel. I know you for the down to earth watch channel that really reached me as I'm a middle class dude. You do it beautifully navigating from cheap Seikos to crazy Pateks. I am pleasantly surprised by this channel as I'm debating on buying a bottle of Aventus. Tried it today at my local Neiman Marcus (store that I don't belong) 8 hours later this thing is still in my wrist. Wife loves it. Good thing is that I know Gray market because of watches and one of them carries this for a steal.
Keep it up Teddy. You're really good at what you do, presenting good stuff for normal people. Not everyone can drop 500 bucks in a fragrance, or 250k in a Patek. And that's what I love about your content.",2022-12-17,YouTube,Creed Aventus,positive,0.9643
"Come back here Teddy, I need your fragrance videos almost as much as I need your watch ones !!",2024-12-27,YouTube,Creed Aventus,neutral,0.0
"Is there a reason that Aventus have so much variation between batches than any other fragrance? I remember getting this right when it came out, it was amazing. Pineapple was very small part of the perfume. It was deep dark and smoky and easily last two days.. and the next bottle I bought all the smkoiness was gone and it was a bright pineapple fragrance.. and this was over 10 years ago...I can't imagine what they have done to it now!",2023-10-03,YouTube,Creed Aventus,positive,0.8553
Been rockin that scent King Colada. It is a lot like Aventus but has a bit of a tropical edge. Gets me a crazy amount of compliments.,2025-10-05,YouTube,Creed Aventus,positive,0.296
"Another great video! For me, it’s the only fragrance I’ve ever been complimented on, multiple times, by ladies and gents 😉 My favorite thing about it is how my shirts smell after wearing it and washing. Always a pleasure to do the laundry 😅",2022-02-01,YouTube,Creed Aventus,positive,0.9468
"I never knew you make Fragranace content btw Aventus is actual love for me , over a litter stored",2022-02-03,YouTube,Creed Aventus,positive,0.6369
"Great review and stellar fragrance. It absolutely needs to be smelled off the SKIN, and in the air. Intoxicating.  Doing quick reactions off of paper just doesn’t capture the fragrance at all.",2023-07-08,YouTube,Creed Aventus,positive,0.6249
Probably one of the best fragrances around!! But that mofo price!! Thank you for the Christmas gift dear😍,2023-02-16,YouTube,Creed Aventus,positive,0.9015
"I would both agree and disagree that this is the Rolex Submariner of the fragrance world. In terms of it's pricing it's pretty much spot on with the Sub; over what any non-enthusiast would consider a reasonable price but more so on the entry level for people that are really into fragrances or watches respectively. It's very iconic and anyone that knows a thing or two about the watch/fragrance world will probably recognize these two instantly. They are also both part of the casual/sports craze going on in the luxury world as of late. The same way a Submariner is a more casual piece made of non-precious metals, Creed Aventus is a sweet, leathery, citrusy and musky scent that isn't in your face like you might expect from a luxury perfume, but is a classic masterpiece regardless. Both feel at home wearing a suit, leather jacket or even a white shirt with jeans, but you get the point. Where I think this differs is that this is more of a niche fragrance wheras Rolex is pretty much known by everybody. This is usually where I run into trouble with these types of comparisons as well though, because Rolex is kind of in a unique situation. It is perceived by many to be the best watchmaker despite being outclassed by many others. In the car world we would say that Rolex is Ferrari in terms of public perception but in reality a much better comparison would be between Ferrari and Patek. Rolex is more like BMW or Porsche, though no one things BMW's are the 'best' cars ever made the same way many do with Rolex. Anyways, that's my two cents on it. Being a 'niche' fragrance house that pretty much everyone who knows anything about perfumes knows about, I'd compare Creed as a company more so to Richard Mille than Rolex. The prices don't line up though seeing as RM are literally skyrocketing in value.",2023-04-01,YouTube,Creed Aventus,positive,0.9935
I have to say I love the atmosphere of these videos. They’re very fun and interesting to watch! On a side note I love your jacket! Where did you get it?,2022-02-01,YouTube,Creed Aventus,positive,0.948
"I already have A Ralph Lauren,1 million and Dior Sauvage I think I’ll just wear those for awhile and put those to use my next purchase I want to buy this thanks man.",2024-05-23,YouTube,Creed Aventus,positive,0.5683
"Awesome.🔥 I like the your cool, laidback description of fragrances Teddy.",2022-02-01,YouTube,Creed Aventus,positive,0.7906
Great review bro is Aventus timeless,2022-02-09,YouTube,Creed Aventus,positive,0.6249
"The Rolex comparison is apt though with prices these days I think an OP or Datejust may be a better comparison.
It's certainly not super unique now, but much like Rolex you'll know it works well and isn't going to make the average person go ""why would you like wearing that?""  If someone has a collection of pricier fragrances then going more niche is understandable but a first pricey purchase is going to warrant a safe choice for many.
That said, much like watches the number of guys wearing fragrances in the general population is so small now that it will still stand out.  It's one of the scents I've gotten enthusiastic complements on.
As a personal bonus, fresh cut pineapple is one of my favorite things to eat so a fragrance that reminds me of it is especially nice.",2022-02-03,YouTube,Creed Aventus,positive,0.9889
Aventus Cologne is a great scent and offers more versatility. Women really like the citrus opening.,2022-07-13,YouTube,Creed Aventus,positive,0.7841
"to the day there are NO alternatives to Aventus, no matter what batch you have, there is a very natural thing about Aventus that no one could reproduce..it brings all my senses to life..is amazing",2022-06-12,YouTube,Creed Aventus,positive,0.3369
I love Creed aventus and I live in a small farm town so nobody else has it or wears it but I did a test with some of the women in my life and they preferred Dylan blue over Creed where the men I know love the Creed idk 🤷‍♂️. In the end I wear cologne for the ladies not myself or other dudes LOL.  I still wear my Creed sometimes but probably won't buy another bottle if most of the ladies only think its ok. I meen dont get me wrong they say it smells good but not as good as other colognes like versace. Great video brother,2024-09-02,YouTube,Creed Aventus,positive,0.981
watches and fragrances ! Lovely !,2022-02-20,YouTube,Creed Aventus,positive,0.658
I can’t smell it after 5 minutes but I get sooo sooooo much compliments with this scent.,2022-03-11,YouTube,Creed Aventus,positive,0.5499
"What about a 100ml bottle for $299 shipped, would that be a no brainer at that price point?",2022-04-12,YouTube,Creed Aventus,negative,-0.296
"Thanks for considering batch variations. Many people love the smell, but they are talking about 2017 or something, which might not apply to current batches. That said, in the future, please include EDT/EDP/Parfum, etc. in your fragrance videos. Future fragrance video options, Tom Ford comparisons or blind tests? Niche fragrance blind tests? Btw, love your watch videos. Picked up Tissot Gentleman Powermatic 80 (blue/bracelet) and Quartz version (black/black leather) and Seiko Presage sharp edge (blue) within the past 3 weeks. Next up, Grand Seiko SBGX261, hopefully. Keep up the great work.",2022-03-02,YouTube,Creed Aventus,positive,0.9673
Didn't know peter parker was also a perfume connoisseur.,2022-12-11,YouTube,Creed Aventus,neutral,0.0
What product do you wear in your hair. We have similar hair types and the look you have created looks ideal and I would really appreciate if you can let me know what product you use? Many Thanks,2022-06-04,YouTube,Creed Aventus,positive,0.8832
Thanks for the in depth review. In Australia we have never heard of it! We always wondered what YouTubers were talking about.,2022-02-12,YouTube,Creed Aventus,positive,0.4926
"I like the Aventus scent profile, but have been content with a ~$40 dumb-reach bottle of Mont Blanc Explorer and picking up the occasional decant of Aventus like I typically do with other Creeds. I like fragrances but am not interested in spending $300-$500 on one bottle when I can spend that over time on like 20 10ml decants. I like the variety.",2022-02-01,YouTube,Creed Aventus,positive,0.8971
"I like it and own a bottle. 

I also just read The Ghost Perfumer by Gabe Oppenheim which talks about the history of Creed and how it might all be made up. It’s also a fascinating look into who the real perfumers are behind the fragrances.",2022-02-01,YouTube,Creed Aventus,positive,0.5719
"I actually appreciated the breakdown of the pros and cons of Aventus. I agree with many of your points. I also agree with another commenter that Creed is just getting ready overpriced these days. But, i do have my favorites from the line, Aventus being one of them as well as Viking and Royal Oud. Enjoying the channel. Keep up the good work.",2022-02-01,YouTube,Creed Aventus,positive,0.9648
"I would love to get ahold of a 2010 batch, yellow color juice, smokey batch 🤞👏",2022-02-15,YouTube,Creed Aventus,positive,0.6369
"Omg you put into words what I couldn’t figure out. It smells better in the air!
I loove how the bathroom smells when my husband sprays this. But on skin I’m like “meh nice”.  And then for the cost..is it worth that reaction.",2024-02-25,YouTube,Creed Aventus,positive,0.7809
"I was gifted a bottle of Aventus from a friend who is a much bigger frag head than me who was trying to thin out his collection, lucky me. It’s beautiful, and I do like it enough to wear it. Would I actually purchase it myself; prob not. I can think of 3-4 designer niche in quality/creativity scents I would buy instead. TBH, I wear AV when I’m in autopilot, appeasing the ppl mode, not necessarily for my total enjoyment.",2022-05-18,YouTube,Creed Aventus,positive,0.9538
"OH SHIT TEDDY HAS A FRAGRANCE CHANNEL NOW. I really got into aventus batches and the older stuff (2018 and earlier) has patchouli and lasts much longer. I'm selling a tonne of my new 2021 bottles because I feel they dont last long at all :/ Dont think it's a maceration thing. 

The 2021s have a really nice opening. Much more pineapple than the old ones which are dep, woody and patchouli heavy. But they last 30 mins unfortunately.

MB explorer is a good alternative since the amber makes it long lasting and the pepper mixes things up a bit. I'm actually getting CDNIM pure parfum coming in a few weeks. Didnt like the EDT because it was too sharp, but apparently this is much nicer.",2022-02-26,YouTube,Creed Aventus,positive,0.1568
The should release an extrait de parfum version of aventus for those that want the beast mode version back.,2022-10-22,YouTube,Creed Aventus,positive,0.0772
"Get Armaf intense man, you won't be disappointed",2026-05-26,YouTube,Creed Aventus,positive,0.4318
I got both aventus and the gold bottle i will buy aventus it’s the best,2022-06-24,YouTube,Creed Aventus,positive,0.6369
"Easily the best fragrance review channel to date. Informative, visually pleasing, well done. Notification bell worthy. A first for me. 👏

Kept bumping this off because of the price, but Aventus is now back on my radar after this video.",2022-02-02,YouTube,Creed Aventus,positive,0.7906
Creed sublime vanille is the best one the Bond no 9 line is the one for me,2022-03-04,YouTube,Creed Aventus,positive,0.4588
I'm looking to get into creed are the new batches any good? For example 22B11B,2022-09-26,YouTube,Creed Aventus,positive,0.4404
"I really like your jacket, where did you get it?",2023-02-05,YouTube,Creed Aventus,positive,0.4201
Creed Aventus and Bold Buddha by Alphamones both get me a lot of compliments,2025-08-11,YouTube,Creed Aventus,positive,0.6486
"Smell: creed adventus 
Price : bdc
Strength: dior",2025-01-02,YouTube,Creed Aventus,positive,0.4939
Creed for sure it no debate it’s if your pockets deep enough,2024-12-31,YouTube,Creed Aventus,neutral,0.0258
Gotta  have them all. They are all bangers. Can’t just have one because they’re all different,2025-01-04,YouTube,Creed Aventus,neutral,0.0
Have all 3. It’s Bleu de Chanel EDP. Versatile compliment monster.,2024-07-03,YouTube,Creed Aventus,positive,0.4767
"BDC has much more versatility than Creed Aventus and is cheaper, but Creed smells better. Lemme go with Bleu de Chanel.",2024-06-30,YouTube,Creed Aventus,positive,0.5927
Creed Creed Creed there's nothing like it still to this day. Hands down best fragrance ever.,2025-06-09,YouTube,Creed Aventus,positive,0.4749
Jus got aventus as a bday gift and I gotta say that its still fantastic ( I also have Sauvage)so aventus  is better in my opinion,2024-12-25,YouTube,Creed Aventus,positive,0.8555
Have all 3.  BDC Parfum is the king when it comes to female love.  My personal favorite is Aventus.  All 3 are kings in their own way.,2024-07-01,YouTube,Creed Aventus,positive,0.802
"Aventus has been cloned by so many designers, it only proves to be the King!!! Some clones come close, but save your pennies, & get the real deal. BDC is great, but not on Aventus level. Sauvage  Elixir out did any other Sauvage out there, but still no Aventus.",2024-12-31,YouTube,Creed Aventus,positive,0.8758
"Brand new subscriber, love the content bro. 
To answer your question, I honestly can't choose because they're all bangers 🔥
I'm just a variety type of guy when it comes to anything and that makes me have an equal amount of love for everything. I collect so many fragrances and I'm always making purchases. 
Sauvage is excellent and I've owned the EDT. My dad loves it too, it's one of his favorites. Didn't care that some people think it's loud, I love loud. Haven't tried the other versions of it but I will.
Aventus I love and I wear it so well. It loves my chemistry. 
Lastly, Im ashamed to say but I haven't tried BDC yet but it's definitely on my list.",2025-05-24,YouTube,Creed Aventus,positive,0.9801
Blue de channel,2024-06-30,YouTube,Creed Aventus,neutral,0.0
"I might put it like this in the winter Dior Sauvage in the fall Chanel, but in the summer is creed all day all night just my opinion",2025-06-16,YouTube,Creed Aventus,positive,0.1901
"All time favorite Dior Sauvage 
Great longevity, great silage and best projection.",2026-05-20,YouTube,Creed Aventus,positive,0.9468
"It’s gotta be my chemistry—men and women have literally followed me out of stores just to ask what cologne I’m wearing. Creed is hands down the truth. If you think otherwise, you’ve either never smelled it, never owned it, or made the mistake of wearing it in the wrong season.

You’re comparing two winter-heavy scents to what’s essentially a spring/summer masterpiece. Creed stands in a league of its own. When it’s cold, I’d go for an OUD. But let’s be clear—I’m not just some casual cologne wearer... I’m a pro at this. 😎",2025-07-30,YouTube,Creed Aventus,positive,0.6499
Savage Elixer hands down.,2024-07-01,YouTube,Creed Aventus,negative,-0.4588
im deciding right now whether to pick up bdc parfum or just go straight for aventus as my summer signature both smell great and at this point its like less than like a $50 price point from 5 oz bdc parfum to a 3.3 aventus full presentation,2025-03-02,YouTube,Creed Aventus,positive,0.8665
Creed is like the crack of colonges🤷🏿‍♂️can't get enough and keep coming back but the other 2 are definitely the next best,2025-05-28,YouTube,Creed Aventus,positive,0.9022
Bleu De Chanel all day,2024-07-01,YouTube,Creed Aventus,neutral,0.0
BDC Parfum I love more than the EDP honestly,2024-12-31,YouTube,Creed Aventus,positive,0.802
"Creed….. I got so much compliments on that fragrance even when I didn’t smell it, they smelled it on me",2026-03-12,YouTube,Creed Aventus,positive,0.4549
adventist i have it smell perfect,2024-12-30,YouTube,Creed Aventus,positive,0.5719
"I have all 3 
1st. Creed
2. Savage Elixer 
3. BDC Parfum",2024-06-30,YouTube,Creed Aventus,negative,-0.4588
The Dior Sauvage Elixir is much better than the standard version. It costs 3x as much but The bottle lasts 5x longer and 2 sprays and it lasts for 8-12 hours. I just picked up the Creed Aventus excited for that to show up.,2026-04-19,YouTube,Creed Aventus,positive,0.6187
"I like Sauvage Parfum, but ""Booty Channel is probably the best smelling",2024-07-03,YouTube,Creed Aventus,positive,0.8201
Man I like that versace Eros better than all them,2025-12-11,YouTube,Creed Aventus,positive,0.6597
For me its Aventus all day 💎,2024-06-30,YouTube,Creed Aventus,neutral,0.0
Dior Sauvage EDP signature scent tons of compliments,2024-12-17,YouTube,Creed Aventus,positive,0.4019
Sauvage edp. Creed comes in close. If you had done bleu de chanel parfum…. Boy this would be hard,2024-06-30,YouTube,Creed Aventus,negative,-0.1027
Creed aventus,2024-06-30,YouTube,Creed Aventus,neutral,0.0
all of them are essential for any man.,2025-02-12,YouTube,Creed Aventus,neutral,0.0
I have them all . Aventus is the best,2024-06-30,YouTube,Creed Aventus,positive,0.6369
I have all but my compliment getter is the sauvage 😊,2025-02-10,YouTube,Creed Aventus,positive,0.9209
I actually really like bdc edp but honestly i only stopped wearing sauvage edt and edp because everybody has it. If none of these fragrances were popular im team sauvage.,2024-07-01,YouTube,Creed Aventus,positive,0.8045
I got creed Aventus today and I think it's the best,2025-03-22,YouTube,Creed Aventus,positive,0.6369
Bleu de Chanel is a powerhouse. Creed smells the best. Sauvage is an excellent 3rd option.,2025-04-01,YouTube,Creed Aventus,positive,0.836
BDC hands down. I’ve had women come out there offices to ask me what I’m wearing They were like is that you making this hallway smell so good I never had one women say I smelled good wearing Aventus only men not in it for compliments from men lol And Sauvage edt never got a compliment But I did order the edp and nitro red should be in by Thursday,2024-07-09,YouTube,Creed Aventus,positive,0.7222
Love my Dior sauvage edp,2024-07-07,YouTube,Creed Aventus,positive,0.6369
"Dior Sauvage Eau De Parfum is goated, but the Bleu De Chanel and Creed Adventus are still rite up there. I fuck with all them",2024-12-27,YouTube,Creed Aventus,negative,-0.6956
"Woot Father's Day Fragrance Clearance: Up to 76% off + free shipping w/ Prime. For one day only, Woot is discounting a wide range of men's fragrances ahead of Father's Day, with prices starting under $20. Some of the best deals: the Calvin Klein CK Everyone EDT is $28, down from $116; the Mont Blanc 3.3 oz.Explorer EDP is $61, down from…",2026-06-06,News,Creed Aventus,positive,0.9201
"Is Creed the Scent of Our Looksmaxxing Era?. Creed’s scents — from Aventus to Green Irish Tweed — are popular, expensive, and “basically aspirational masculinity bottled and sold,” per one behavioral strategist.",2026-05-28,News,Creed Aventus,positive,0.4215
"Master Perfumer Olivier Creed Has Died. Olivier Creed, master perfumer and sixth in his family line to head The House of Creed luxury niche fragrance brand now owned by L’Oréal Luxe, has died.",2026-05-21,News,Creed Aventus,negative,-0.802
"The 5 Best Colognes That’ll Get You Noticed by Women (In a Good Way). These scents are strong, distinct, and just hit different.",2026-05-11,News,Creed Aventus,positive,0.886
"As a man, I am going to call myself out here.  This is in my collection, with a back up bottle on the way.  I really dig this scent.  I usually don't buy fragrances to impress others, but instead, for my own benefit.  It's totally uplifting, and smells ridiculously good.  So, yeah, as a guy, I don't mind saying that I rock this.",2024-01-19,YouTube,YSL Black Opium,positive,0.8591
Mass appealing fragrances will always be easier to wear and give more compliments than weird niche scents.,2022-01-20,YouTube,YSL Black Opium,positive,0.5899
We discovered this in Tunisia this month. My wife and I both really like it. The coffee comes out nicely in the mid. It's subtle but it keeps revealing itself throughout the day. Thumbs up!,2023-05-30,YouTube,YSL Black Opium,positive,0.4834
This and Miss Dior Blooming Bouquet is my go to,2025-11-17,YouTube,YSL Black Opium,negative,-0.1531
"I love it. most fragrances end up giving me a headache, this one doesn't. I simply love it and I also get compliments about it",2026-01-12,YouTube,YSL Black Opium,positive,0.7124
"You couldn’t have said it better! This perfume stands by its name! Addictive ❤ if ya grandma wears this, Imma hang out with her!",2023-04-15,YouTube,YSL Black Opium,positive,0.8392
"Its still my most complimented fragrance. Idc if people say this is generic or its a `bitch`fragrance  (someone literally said that to me. Its sweet, powdery, has a coffee note and I love this since the minute I first smelt this. Has amazing longevity and really good projection. Great review !! <3",2021-11-04,YouTube,YSL Black Opium,positive,0.9779
Aww “it gives you a hug” - it really does!,2021-12-03,YouTube,YSL Black Opium,neutral,0.0
"So true.  It's my lesbian friend's favourite scent on me, and my husband compliments me every time I wear it. People who are not into perfume especially like it.",2022-05-22,YouTube,YSL Black Opium,positive,0.8218
I love black opium and I love black opium neon even more. Neon is amazing I spray it and fall in love every day,2024-12-14,YouTube,YSL Black Opium,positive,0.9563
I just got my hands on a sample of this (i am just starting my journey into fragrance) and I really like this a lot!,2024-02-20,YouTube,YSL Black Opium,positive,0.474
"I got really shy when I’m wearing this, since the compliments are just cherry on top",2024-05-26,YouTube,YSL Black Opium,positive,0.2975
"Just smelled this one today, it was lovely and intoxicating. The lady I asked about it was nice enough to show me the bottle and it was the green one.",2023-02-28,YouTube,YSL Black Opium,positive,0.765
"Male co-worker was wearing it today and I asked him what cologne he was using and he told me his sister perfume, it smells very good. I’m getting it for me and my wife, win win.",2022-07-31,YouTube,YSL Black Opium,positive,0.8955
"You are so straightforward and smart. I’m so happy I found this! I’ve been thinking about ordering this for some time now, but read a lot of reviews saying it smells like old lady perfume. So I backed off from it but it always draws me back in. So screw it after this review I’m winging it!",2022-10-06,YouTube,YSL Black Opium,positive,0.7636
"I love Black Opium and, no matter what any influencer's MOST HATED PERFUME TOP says, this perfume will pass the test of time, just like OPIUM did. What bothers me is that the price of designer fragrances (all of them, not just those from YSL) has jumped pretty high over the last years. But Black Opium is really worth.",2024-12-14,YouTube,YSL Black Opium,positive,0.6758
"Black opium is such a distinguished smell , I work in retail and when someone has this perfume on you can definitely smell it from a mile away.",2022-03-27,YouTube,YSL Black Opium,positive,0.4019
"By now I accumulated a good amount of fragrances in my collection but none of them hits me like black opium. I own almost every flanker. There is a reason it is so popular: it just smells sooooo good 
I can’t get enough of it",2022-07-13,YouTube,YSL Black Opium,positive,0.9322
"Yep, had people stop me, chase me lol also many nurses and 1 doc turn around to ask what I had on in the drs office. Absolutely sexy. If that’s grandma then grandma is snapping necks 🤷🏽‍♀️",2022-01-12,YouTube,YSL Black Opium,positive,0.7574
Owww girl i love your accent 😍,2025-05-05,YouTube,YSL Black Opium,positive,0.802
Thank you for posting this. I was curious about it. I enjoy your channel.,2022-12-09,YouTube,YSL Black Opium,positive,0.7906
Thank you for this review. I get tired of ppl saying something smells old lady because they don't like it.,2022-01-04,YouTube,YSL Black Opium,negative,-0.3632
"I agree with you that it's not overrated even though it's super popular. It smells absolutely beautiful. To me I get a lot of vanilla and fruit, which I love. The downside is that it doesn't last on me at all, but I think that's my body chemistry, plus I run warm which I know ""throws a fragrance"" right off your skin. 😮‍💨",2022-07-04,YouTube,YSL Black Opium,positive,0.8499
I LOVE IT ON ME! It’s the only perfume that I’ve found that lasts on me and that people can definitely smell. Like literally a head turner.,2022-07-18,YouTube,YSL Black Opium,positive,0.8866
"Love this perfume so muchhh…coffee,vanilla and woody notes❤❤❤❤",2026-01-08,YouTube,YSL Black Opium,positive,0.9719
the haters that diss this fragrance are just mad it smells bad on them,2021-11-04,YouTube,YSL Black Opium,negative,-0.872
You make me wanna go and buy it right now 😄 your description is great,2021-12-31,YouTube,YSL Black Opium,positive,0.8625
The OG Black Opium is to strong on me so i tried the Floral Shock and i'm lovin' it 😍,2022-06-06,YouTube,YSL Black Opium,positive,0.5719
One word this fragrance is DOPE!,2024-07-19,YouTube,YSL Black Opium,neutral,0.0
Love your review in this!! ❤️❤️ just found your channel and instant sub. Love how your speak about smelling sexy women,2022-08-17,YouTube,YSL Black Opium,positive,0.9244
That's the wintetime hitter right there! My favorite for cold weather,2022-03-28,YouTube,YSL Black Opium,positive,0.5093
Nice love the video Melissa stay motivated dream Big 1 Mill on the way,2021-11-04,YouTube,YSL Black Opium,positive,0.9001
Thank you for another great video❤❤❤❤,2024-04-28,YouTube,YSL Black Opium,positive,0.9761
Yes! This is one of my favorite perfumes of not THE favorite!! <3,2022-01-29,YouTube,YSL Black Opium,positive,0.3999
I rock this pretty much more than mostly of men's designer fragances made for night out.,2022-07-01,YouTube,YSL Black Opium,positive,0.5789
"I’m dying to get it but after seeing this, I’m not sure because my hometown is so hot and humid 😭",2025-12-15,YouTube,YSL Black Opium,negative,-0.7645
That’s so funny when you said lesbians. 😂 My girlfriend just treated herself to some YSL fragrances and babyyyy ALL of them have it’s own different vibe. But that black opium hits different. Lol Love your review. New subscriber here!,2022-01-16,YouTube,YSL Black Opium,positive,0.9305
I love this fragrance! I wear it every day and its got people sniffing you like crazy,2023-03-14,YouTube,YSL Black Opium,positive,0.68
"Okay you convinced me 😂 I'm quite new to fragrances, or at least I'm new to buying them. I've usually worn ones that I've gotten as gifts. I smelled Black Opium at a store on those paper strips, and I liked it, but I didn't test it on my skin. I now ordered the 30ml online and I hope it works on me!",2025-12-28,YouTube,YSL Black Opium,positive,0.8268
I can't wait I ordered some,2022-01-02,YouTube,YSL Black Opium,neutral,0.0
I don’t own a bottle but my sister does and whenever she sprays this it smells soo good. One time I went to school and I came back home from the door I was smelling something nice and I was like someone is in my house .. only for me to get into the room and I saw my sister I was like oh 😂,2022-05-09,YouTube,YSL Black Opium,positive,0.9578
girl ok u convinced me,2021-11-15,YouTube,YSL Black Opium,positive,0.5994
"I actually had no idea of its ""reputation"" and how popular it was. I have emptied a few testers over the last years and finally decided to soon purchase a bottle. It has become a very comfortable scent for me to feel beautiful and sultry but still like myself to me. Out of curiosity just looked for reviews and hear a lot of connoiseurs bash it a bit ;) well I am following my intuition, I guess my taste is not that unique then ;)",2023-01-03,YouTube,YSL Black Opium,positive,0.9081
Can you do a review of the new Le Purfum? Love your channel.,2023-07-03,YouTube,YSL Black Opium,positive,0.6369
"I’m a guy and I wear this and the Extreme flanker, I f*cking love it 👌🏽",2022-07-18,YouTube,YSL Black Opium,positive,0.8842
I wear this too also libre intense,2025-07-28,YouTube,YSL Black Opium,positive,0.0772
Finally god!!!! Idk why the fragrance snobs hate on just a damn great smelling fragrance that performs!!!,2022-10-30,YouTube,YSL Black Opium,negative,-0.6331
the Intense one is a head turner.,2022-10-20,YouTube,YSL Black Opium,positive,0.0772
"I'm a guy and yes, I rock with this fragrance. Smell super good on my skin also",2022-09-28,YouTube,YSL Black Opium,positive,0.8591
Got a 10ml awhile ago great scent I need to get a bottle,2022-02-26,YouTube,YSL Black Opium,positive,0.6249
It just doesn’t sound to me (from everything I’ve heard) that it’s what everyone was hoping for and expecting. You would assume it would be just super amped up coffee and vanilla. But I think that’s already the case with extreme. We just needed a more extreme extreme one. 😂,2023-01-26,YouTube,YSL Black Opium,positive,0.802
"I sprayed this on my wrist on my lunch time this week and omg I was addicted, the vanilla was still projecting 24 hrs after off my work jacket. Had to buy a 50ml bottle which I’m waiting impatiently for today.",2023-02-17,YouTube,YSL Black Opium,negative,-0.4019
I liked it as a guy. Smells like coffee and gelato. A guy could pull this off on a cold day,2023-11-27,YouTube,YSL Black Opium,positive,0.6486
ABSOLUTELY GORGEOUS 🖤,2025-03-31,YouTube,YSL Black Opium,positive,0.9167
I bought a travel size and I can’t stop smelling it. Love it!,2023-01-27,YouTube,YSL Black Opium,positive,0.5093
just bought mines and i already can’t wait for it to macerate! i feel like with time the four vanilla accord will really shine through!,2023-01-26,YouTube,YSL Black Opium,positive,0.4738
"Bottle ❤️. I really love all the flankers from black opium. I adore the first one that came out . Coffee ,vanilla and white flowers. Thank you for sharing your thoughts.",2023-01-30,YouTube,YSL Black Opium,positive,0.9245
"I tried it two times at the shop. First time it didnt impress me that much, but my boyfriend complimented it:D i tried it later, yesterday, and it left on my body, skin, smelling so good.. and i still can feel vanilla today:) so ordered it🖤 its a warm and sexy femine smell. I loved YSL Libre as well, owned it before, they both are a little similar for me.",2023-02-21,YouTube,YSL Black Opium,positive,0.9847
The original black opium has been my signature and favorite perfume for years! I blind bought this one and I have a feeling I’m really going to love it because of how much I love the original!,2023-03-14,YouTube,YSL Black Opium,positive,0.9398
I love them all - and collect them all!,2023-01-26,YouTube,YSL Black Opium,positive,0.6696
I miss the OG black opium EDT. I can't find it anymore. It was the best version by miles.,2023-01-26,YouTube,YSL Black Opium,positive,0.5574
I actually Love this one a lot. It smells very cozy. It does remind me a lot of the Lancome Tresor la Nuit a la Folie which I own and love.,2023-02-04,YouTube,YSL Black Opium,positive,0.8555
I bought the Nuit Blanche and it’s amazing!,2023-02-05,YouTube,YSL Black Opium,positive,0.6239
My mum said it's more like the Original YSL Opium. Not the newer Black Opium. I love this new version.,2023-09-26,YouTube,YSL Black Opium,positive,0.861
I just picked up the travel size of it. I need to wear it more but right now I really like it.,2023-01-26,YouTube,YSL Black Opium,positive,0.5704
"Hello, I try these one yesterday at Macy's and I love it. I end up buying others perfume just because I still have a little left of the OG, but I am definitely replacing my black opium for this one. To me, the smell was intoxicated I could not stop smelling my wrist.
Thank you for your review.",2023-02-28,YouTube,YSL Black Opium,positive,0.8941
This is my favorite flanker 🥰🥰,2023-02-02,YouTube,YSL Black Opium,positive,0.9559
"I walked past a perfume shop by chance today so decided to ask if there was any new sweet perfume. The assistant handed me this one saying it arrived today. My favourite note ever is vanilla so this is stunning to me! 😍 Need to test more on skin but will probably end up buying it. 😀 I have BO Floral shock which is amazing for warmer weather, sadly discontinued.",2023-01-26,YouTube,YSL Black Opium,positive,0.8712
"I am always trying it at my local Shoppers and i find it creamy and lots of vanilla, i really like it, but i own 2 
already and its quite expensive. Thank you for your review.",2023-02-02,YouTube,YSL Black Opium,positive,0.6771
Sounds lovely!,2023-01-26,YouTube,YSL Black Opium,positive,0.6239
I love it! 🥰 Smelled it in store and was absolutely smitten by the sweetness and vanilla/coffee notes. Ordered it online and realized only when I got it that I had ordered the classic BO EDP (which explained the much smaller price). Didn't like that one. Ordered Le Parfum now and couldn't be happier! Great review❤ need to check out you blog too!,2023-01-27,YouTube,YSL Black Opium,positive,0.9273
I ordered this from New Parfums in France (55€ for the 30ml). I can't wait for this to get here! Sounds right up my alley,2023-01-26,YouTube,YSL Black Opium,neutral,0.0
It’s so pretty,2023-01-27,YouTube,YSL Black Opium,positive,0.5413
"Hi, Sophie! I have a sample of Black Opium Original one, it is a Coffee and Vanilla Bomb, definitely flirty perfume. I would like to try out Le Parfum Version of it as well, seems like something I would like. :-) Take care and sending much love Lucy",2023-10-14,YouTube,YSL Black Opium,positive,0.9638
I am addicted to black opium,2024-10-04,YouTube,YSL Black Opium,neutral,0.0
The coffee note is what makes it,2023-12-14,YouTube,YSL Black Opium,neutral,0.0
i have found online YSL OPIUM original . i tried black and floral but original is truly the best  for me .,2024-01-23,YouTube,YSL Black Opium,positive,0.9354
Nice informative video! I was just wondering whats the difference between the Extreme and the discontinued Nuit Blanche flanker? Glad if anyone can explain 🥰,2023-01-30,YouTube,YSL Black Opium,positive,0.9245
Thanks for a great video again 😍,2023-01-30,YouTube,YSL Black Opium,positive,0.875
Boots have some how got this Fragrance £13 cheaper than all other retailers 🤷🏾‍♀️ £62 for the 30ml starting... Everywhere else is £75... Bought it as I prefer the more amped up versions over original. Thank you for your consistency.,2023-01-26,YouTube,YSL Black Opium,positive,0.5859
Very nice Products,2023-01-31,YouTube,YSL Black Opium,positive,0.4754
nice product,2023-01-29,YouTube,YSL Black Opium,positive,0.4215
I love your Chanel is the best.,2023-01-26,YouTube,YSL Black Opium,positive,0.8555
I love it .. 🥰🥰,2023-03-29,YouTube,YSL Black Opium,positive,0.9628
Can you recommend any perfumes that smell like black opium nuit blanche?,2023-01-26,YouTube,YSL Black Opium,positive,0.6124
Nice,2023-04-03,YouTube,YSL Black Opium,positive,0.4215
What gives a fragrance a sharpness to it?  I love my Si Fiori but the opening is sharp to me. Would you know what note is doing that?,2023-01-26,YouTube,YSL Black Opium,positive,0.4515
"Hi, Sophie! Fragrantica posted an update- in 2024 there will be launched Black Opium Over Red with a cherry note!",2023-12-12,YouTube,YSL Black Opium,positive,0.2695
GREAT,2023-02-03,YouTube,YSL Black Opium,positive,0.6249
"Hi Soki, soleil is pronounced so-lay 🙂",2023-01-27,YouTube,YSL Black Opium,positive,0.4033
Great review:) can’t get over the price. I wish they would make it stronger or simply develop a new line. Too many flankers.,2023-01-26,YouTube,YSL Black Opium,positive,0.8555
I only like the YSL Black Opium Extreme and the Le Parfum. ❤❤   The rest is not my cup of tea/coffee.,2023-01-26,YouTube,YSL Black Opium,positive,0.8979
Nicee,2023-02-09,YouTube,YSL Black Opium,neutral,0.0
"Thank you! I Absolutely want to test! My favourite from the line: The discontinued Black Opium Floral Shock, that has the solar vibes as well the new Le Perfum.",2023-01-26,YouTube,YSL Black Opium,positive,0.49
I have a question. Kindly respond. You said it's for spring and summer so is it no t for winter day time at all?? Kindly let me know,2026-02-26,YouTube,YSL Black Opium,positive,0.6481
Good,2023-01-30,YouTube,YSL Black Opium,positive,0.4404
"Hello Soki, thanks for your perfect review 🌺 I never cared so much for Black Opium, always found them very strong to the headache point… I had a chance to smell the new one Black Opium Le Parfum last Saturday and OMG 😍 it was love at first sniff ♥. Must buy it 😍",2023-01-30,YouTube,YSL Black Opium,positive,0.9757
Nice 👍,2023-04-03,YouTube,YSL Black Opium,positive,0.4215
Hi beautiful Soki ❤,2023-01-26,YouTube,YSL Black Opium,positive,0.8442
Bonjour quelqun peur me dire combien il ya de parfum differant dans la gamme ?,2024-07-07,YouTube,YSL Black Opium,negative,-0.4588
"🇺🇸 USA & 🇨🇦 Canada
YSL Black Opium Range: https://tidd.ly/48HIuYH
YSL Black Opium Extreme: https://bit.ly/3QgmqwD
YSL Black Opium Glitter: https://bit.ly/4b2UeXm

🇬🇧 UK (21% off LookFantastic with code LFTFSOKI) 
YSL Black Opium Range: https://tidd.ly/42Sp4QJ
YSL Black Opium Extreme: https://tidd.ly/4aXz7G9
YSL Black Opium Glitter: https://tidd.ly/4gPdIjS

🇪🇺 Europe
YSL Black Opium Range: https://bit.ly/3EO8l6R
YSL Black Opium Glitter: https://bit.ly/4aXyKeJ

🇦🇺 Australia & 🇳🇿 NZ
YSL Black Opium Range: https://bit.ly/4b2TOAg
YSL Black Opium Extreme: https://bit.ly/4gEoMQx

🇧🇷 Brazil
YSL Black Opium Range: https://bit.ly/411Z9mO",2025-02-16,YouTube,YSL Black Opium,neutral,0.0
My fave is over red,2025-02-16,YouTube,YSL Black Opium,positive,0.4404
"The YSL ""Le Parfum""  with the four vanillas in it is my favorite of the range.",2025-03-17,YouTube,YSL Black Opium,positive,0.4588
I just bought the original one today.,2025-08-04,YouTube,YSL Black Opium,positive,0.3182
I get non stop compliments on Le Parfum - try it! It’s so cozy,2025-09-02,YouTube,YSL Black Opium,positive,0.2003
"The YSL ""Le Parfum""  with the four vanillas in it is my favorite of the range.
Thank you Sophie! 🙋🏻💕",2025-02-16,YouTube,YSL Black Opium,positive,0.923
Illicit green was the best one 💚,2025-02-16,YouTube,YSL Black Opium,positive,0.8555
Would love to see an updated collection video 😄,2025-02-17,YouTube,YSL Black Opium,positive,0.8658
My fave is Le parfum ❤😊,2025-12-21,YouTube,YSL Black Opium,positive,0.9201
I had the Black Opium Nuit Blanche that was my all time favorite perfume. It had a softer vibe compared to the original. I just loved it so much ✨ Unfortunately the perfume smell changed overtime to an old cologne after owning it for 13 years...😢 I'll need to find an equivalent !,2025-03-26,YouTube,YSL Black Opium,positive,0.7436
"Ty for explaining the actual names (illicit green, le parfum, neon, etc) because I feel like the names are kept a secret or something? Like every website including the YSL website just says black opium and shows the color of the bottle so it’s really confusing when trying to buy the right one. Thank you now I know what one I’m gonna buy! The newest one",2025-03-22,YouTube,YSL Black Opium,positive,0.7867
"Todos😍 , mi favorito Glitter😍",2026-02-02,YouTube,YSL Black Opium,positive,0.7184
"Thank you!  I couldn’t agree with you more about this glitter version.  Too bad because the bottle is so fun but it’s just not pleasant to me.  
Also, so hoping you might 🙏 cover the new Armani My Way, Ylang.  And, the new JPG La Belle Flower Edition. ❤",2025-02-16,YouTube,YSL Black Opium,positive,0.9069
Illicit green! ❤️,2025-03-17,YouTube,YSL Black Opium,neutral,0.0
I bought the travel size of Glitter and HATED IT. All I smelled was floral notes. It made me nauseous 🤢- normally if I dislike a perfume I bought in a travel size I give it away to a family member. This one was so gross to me I actually returned the travel size. I am not a fan of this range. Over Red is ok - not great but ok to me.,2025-02-16,YouTube,YSL Black Opium,negative,-0.8632
Not made by Lancome but YSL.,2026-05-01,YouTube,YSL Black Opium,neutral,0.0
The best  opuim glitter  fantastic  love it ❤,2025-11-17,YouTube,YSL Black Opium,positive,0.9531
"I got to sample Black Opium Glitter & it smells like chiclé, the same scent you would get from the wood used to make bubblegum",2025-09-24,YouTube,YSL Black Opium,positive,0.3612
you are looking very beautiful,2025-03-14,YouTube,YSL Black Opium,positive,0.6361
Hi Cleo 😘😃,2026-02-02,YouTube,YSL Black Opium,positive,0.6486
Le parfum best one in my opinion .,2025-05-04,YouTube,YSL Black Opium,positive,0.6369
The product concept is so good,2025-03-17,YouTube,YSL Black Opium,positive,0.5777
Love Over Red and Illicit as well as Le Parfum. Not sure about the new glitter one. Not that excited to even try it. lol ,2025-06-18,YouTube,YSL Black Opium,positive,0.7271
The products concept i's very good,2025-03-18,YouTube,YSL Black Opium,positive,0.4927
Amazing products,2025-03-15,YouTube,YSL Black Opium,positive,0.5859
AbsAbsolutely amazing ❤,2025-03-15,YouTube,YSL Black Opium,positive,0.8402
Very nice concept🎉🎉🎉🎉,2025-03-18,YouTube,YSL Black Opium,positive,0.921
The product is so good,2025-03-17,YouTube,YSL Black Opium,positive,0.5777
nice❤❤,2025-03-17,YouTube,YSL Black Opium,positive,0.9042
Beautiful video ❤❤,2025-03-18,YouTube,YSL Black Opium,positive,0.9231
Gorgeous video,2025-03-14,YouTube,YSL Black Opium,positive,0.6124
Soki is one of the brand,2025-03-15,YouTube,YSL Black Opium,neutral,0.0
This is a very good product.,2025-03-17,YouTube,YSL Black Opium,positive,0.4927
Nice review,2025-03-14,YouTube,YSL Black Opium,positive,0.4215
Amazing products❤️❤️,2025-03-14,YouTube,YSL Black Opium,positive,0.5859
beautiful product,2025-03-15,YouTube,YSL Black Opium,positive,0.5994
Amazing product,2025-03-17,YouTube,YSL Black Opium,positive,0.5859
Good vibes,2025-03-17,YouTube,YSL Black Opium,positive,0.4404
Beautiful ❤,2025-03-17,YouTube,YSL Black Opium,positive,0.8442
GOOD Prodack,2025-03-17,YouTube,YSL Black Opium,positive,0.5622
Nice vlog ❤,2025-03-17,YouTube,YSL Black Opium,positive,0.7906
Nice video,2025-03-16,YouTube,YSL Black Opium,positive,0.4215
Amazing 😍,2025-03-15,YouTube,YSL Black Opium,positive,0.7783
Red one,2025-03-16,YouTube,YSL Black Opium,neutral,0.0
Nice fragrance,2025-03-18,YouTube,YSL Black Opium,positive,0.4215
Nice perfumes,2025-03-16,YouTube,YSL Black Opium,positive,0.4215
Nice perfume,2025-03-14,YouTube,YSL Black Opium,positive,0.4215
Very nice products,2025-03-14,YouTube,YSL Black Opium,positive,0.4754
Good review,2025-03-14,YouTube,YSL Black Opium,positive,0.4404
Good advice,2025-03-17,YouTube,YSL Black Opium,positive,0.4404
🌟 I HAVE A NEW UPDATED VERSION OF THIS VIDEO: https://youtu.be/WxcckrQsscQ,2021-09-10,YouTube,YSL Black Opium,neutral,0.0
Love love love Black Opium. Never get tired of this one! On my 4th bottle!,2020-07-21,YouTube,YSL Black Opium,positive,0.9484
If you've never smelled this perfume I'm telling you right now it is out of this world deliciously wonderful,2022-10-08,YouTube,YSL Black Opium,positive,0.765
Awww you were so little. You have come a long way girl!,2023-01-23,YouTube,YSL Black Opium,neutral,0.0
Love this one 😻,2021-08-07,YouTube,YSL Black Opium,positive,0.802
I love it!,2020-05-17,YouTube,YSL Black Opium,positive,0.6696
You should do a review of the original Opium by YSL,2020-02-08,YouTube,YSL Black Opium,positive,0.3182
"Is this small parfume is. So good 
And is. Spacy or not",2021-04-24,YouTube,YSL Black Opium,positive,0.5777
Great. How much?,2019-10-06,YouTube,YSL Black Opium,positive,0.6249
This parfume begging from where tell me siso,2021-03-10,YouTube,YSL Black Opium,neutral,0.0
"So, I bought this the other day as my new ""signature fragrance"" since I've been wearing Dior Addict forever and it seems like time for a change. I was intrigued after listening to your reviews of this fragrance, so I tried it at Sephora and instantly fell in love with it. Well, I should have tested it first before buying it because for some reason after about 5 minutes, the scent completely disappears off my skin and it's like I never sprayed it. I tried your trick of spraying it just on my clothes, and the same exact thing happened! Is it something weird with this perfume where it just disappears after a few minutes? I'm wondering if it's just my skin or my body chemistry 😩",2022-07-04,YouTube,YSL Black Opium,positive,0.5422
couldn't you buy a smaller one? 🤨,2019-06-24,YouTube,YSL Black Opium,neutral,0.0
❤,2022-10-05,YouTube,YSL Black Opium,positive,0.6369
♥️♥️♥️,2019-11-02,YouTube,YSL Black Opium,positive,0.9274
"Ughh I have the reformulated crap, it smells sweet. That’s all. I just smell vanilla. Then about half hour I get a lil bit of chocolate note and a tiny bit of flowers but it’s all gone in an hour. Very disappointing. It used to be a beautiful perfume",2020-08-03,YouTube,YSL Black Opium,positive,0.2048
Adeel bahi apko dehkr hmesha positive vibes ati hn ... Good personality person,2024-10-19,YouTube,YSL Black Opium,positive,0.7579
Akhir kaaaar black opium ❤,2024-10-19,YouTube,YSL Black Opium,positive,0.6369
❤❤,2024-10-19,YouTube,YSL Black Opium,positive,0.8555
❤❤❤❤,2025-03-22,YouTube,YSL Black Opium,positive,0.9571
❤,2024-10-19,YouTube,YSL Black Opium,positive,0.6369
Bohot amazing hai ye,2024-11-24,YouTube,YSL Black Opium,positive,0.5859
"Bro if you have to pick one from these for winters which one would you pick up . 

Versache eros edt 
Ralph lauren polo edt 
Ultra voilet men edt",2025-11-07,YouTube,YSL Black Opium,neutral,0.0
Adeel bhai aap ko pehle b msg kiya tha aap ne btaya nai plz best 10 branded perfume btain purchase karne hain,2024-10-19,YouTube,YSL Black Opium,positive,0.6705
Sir Al dirgam purfume ka review kr diyiye please apki video bhot informative hoti h sab bta rhe h al dirgum summer ka best purfume h,2024-10-20,YouTube,YSL Black Opium,positive,0.7579
"Nice perfume, i use this as a man xD",2024-10-19,YouTube,YSL Black Opium,positive,0.765
Ye chiez mare aziz,2024-10-19,YouTube,YSL Black Opium,neutral,0.0
Greetings ! best Ganymede clone or alternate apart from Bois imperial ?,2024-10-19,YouTube,YSL Black Opium,positive,0.807
"Assalam o Aliekum  Adeel bhai mere pass ye majood hai but mujy is ki abi tak koi khas performance ni mil rai😢
Or kafi arsy se ma isy ab use ni kr ra 
Rakh dya hai myb bad me use krny py performance mil jaye",2024-10-19,YouTube,YSL Black Opium,negative,-0.872
sir Suggest me Afnan 9PM or Rayhaan corium?????,2024-10-19,YouTube,YSL Black Opium,neutral,0.0
"Iss perfume ka male version ka kuch batayiye please, kuki yeah opium on girls mujhe bohot pasand hai",2024-12-13,YouTube,YSL Black Opium,positive,0.5423
السلام علیکم عدیل بھائی چھ سال پرانا پرفیوم ہے عدیل بھائی,2024-10-20,YouTube,YSL Black Opium,neutral,0.0
Arey yeh tu meri wife ke paas hai 😅😅😅 tooooo feminine bhai,2024-10-19,YouTube,YSL Black Opium,positive,0.7579
"This is the female fragrance
One time I wear it to my office I got many compliments but it's totally ladies",2024-10-19,YouTube,YSL Black Opium,positive,0.2144
Adeel bhai paris corner ki best perfume kosi he?,2024-10-19,YouTube,YSL Black Opium,positive,0.6369
السلام علیکم عادل بھائی اجمل کا برینڈ اچھا والا تقریبا پندرہ ہزار تک پرفیوم دکھاؤ لانگ لاسٹنگ والا میں عمان سے ہوں اور اجمل اور اجمل دوکان ہمارا سامنے ہے,2024-10-20,YouTube,YSL Black Opium,neutral,0.0
It's for ladies,2025-08-24,YouTube,YSL Black Opium,neutral,0.0
It’s expensive any other option in reasonable price,2025-02-01,YouTube,YSL Black Opium,neutral,0.0
Price?,2024-12-01,YouTube,YSL Black Opium,neutral,0.0
Kaha se purchase kare,2024-11-19,YouTube,YSL Black Opium,neutral,0.0
Creed is no more a niche brand they are selling bags to that means are they also designer's,2024-10-19,YouTube,YSL Black Opium,negative,-0.296
Shampoo jesi hai,2024-11-24,YouTube,YSL Black Opium,neutral,0.0
❤,2024-10-19,YouTube,YSL Black Opium,positive,0.6369
"Talking Shop with ‘Summer House’ star Lindsay Hubbard. Bravo’s Lindsay Hubbard shares her all-time favorite products. Plus, what to expect from the ‘Summer House’ season 10 finale and ‘In The City.”",2026-05-19,News,YSL Black Opium,positive,0.6369
Maine to pehli baar suna hai ki tata perfume bhi banata hai,2023-10-23,YouTube,Skinn by Titan,neutral,0.0
This is called real branding.increase the value than lowering the price 👍,2024-01-19,YouTube,Skinn by Titan,positive,0.1027
It's not popular because of bottle design it's famous for perfume quality ✅,2025-07-29,YouTube,Skinn by Titan,negative,-0.3252
"Its not because of color poppy or distribution its because of the quality and fragrance, people who use it are the one who promotes it.",2024-01-22,YouTube,Skinn by Titan,positive,0.34
I am sure ye video dekhne walo me se 70% ko ye brand nahi pata hoga 😂😂😂,2024-01-31,YouTube,Skinn by Titan,positive,0.875
"Expensive enough to make you feel you are using/gifting a luxury product, but not so expensive that you feel like you have been robbed. Its a 'luxury' product aimed at the middle/lower middle class.",2024-09-17,YouTube,Skinn by Titan,positive,0.5023
"It’s not branding, it’s quality and then detailing then branding…. Branding will let you survive for short time…. People are smart today … they look value for money",2024-01-31,YouTube,Skinn by Titan,positive,0.6249
"THEY ARE TATA'S.. OUTSTANDINGLY CLASSY, HUMBLE, PURE, AND MOST IMPORTANT.. HONEST",2024-01-31,YouTube,Skinn by Titan,positive,0.8211
"People who have never heard of skinn do use it once, you will understand why its the 3rd most sold perfume inspite of being priced at 1.5k - 2k...the scent is very long lasting plus it has a distinctive scent...!!",2024-01-17,YouTube,Skinn by Titan,neutral,0.0
*I TELL MY FRIENDS TO SEND TITAN PERFUMES ALL THE WAY TO LONDON. I LOVE THOSE*,2023-10-25,YouTube,Skinn by Titan,positive,0.8074
"They are in in world of Titan (Titan watch shops) and when evere you buy a watch you see those beautiful bottles kept on cash counter, That is their way to market those.

They market watches, and people come to buy watches and see's that this brand also make perfumes, and those beautiful bottles are cherry on top 🙃",2023-10-25,YouTube,Skinn by Titan,positive,0.8625
"They might look expensive but given the quality, unique scent profile, classy packaging and longevity they perform like many designer perfumes which are even more expensive so actually they’re super worth it.",2024-09-04,YouTube,Skinn by Titan,positive,0.945
"Its testers were always kept near the cashier counter in malls in Delhi. While waiting in the line, people used to try it, they are genuinely good smelling perfumes. They even sell a combo pack of two in which one is light for daily/morning/office and the other heavy for special occasions.",2024-05-26,YouTube,Skinn by Titan,positive,0.6808
"Have been using Titan Skinn from 2018, hands down the best smelling and lasting perfumes.  Each perfume has a proper layered smell. So for a perfume like that 2000 is quite low.",2024-06-22,YouTube,Skinn by Titan,positive,0.6494
Price sensitive hai isilie. Bcoz wo level k baki perfumes like bvlgari 5000 se upar hi hai. Titan skinn is one of that class yet something not unaffordable for a mass urban population.,2024-01-05,YouTube,Skinn by Titan,positive,0.3612
It's not just the packaging. Their fragrances are really good and last quite long. The uniqueness of their fragrance and longevity are what differentiate them.,2024-06-15,YouTube,Skinn by Titan,positive,0.4927
"Actually the reason is Tata Skinn's perfume are of high quality. There's nothing about differentiation in terms of looks as mentioned, it's about what's inside. The fragrance smells pretty good that's why people buy.",2024-08-24,YouTube,Skinn by Titan,positive,0.7269
"It's not because of bottle color, I used it first time from the free sample I got in my flight, now it's a irreplaceable fragrance in my wardrobe. It's because of it's good quality.",2024-07-31,YouTube,Skinn by Titan,positive,0.7351
I have been using Skinn for 3 yrs now. Its not about colour or brandi ng its about the quality. They do justice to their products.,2025-04-19,YouTube,Skinn by Titan,positive,0.5267
Skinn Raw is jus awesome for March - September.,2025-05-01,YouTube,Skinn by Titan,positive,0.6249
"Bhai the quality of the bottles and the perfumes are top notch, its a bit expensive but people like me who love perfumes would save every rupee to buy a good quality one, thats what Titan provides❤",2024-10-24,YouTube,Skinn by Titan,positive,0.9786
Bhai perfume mein fragrance important hota hai bottle nahi. Bottle lekar nahi ghoomte din bhar,2023-12-30,YouTube,Skinn by Titan,positive,0.2023
I believe thats because they know the brand titan which is not very expensive compared to other high end watches and ofcourse there’s a tata brand trust ingrained in most  of the consumers,2024-01-12,YouTube,Skinn by Titan,positive,0.5106
"I live abroad but I have stocked up Skinn. I have emptied so many bottles already. It smells amazing. I get compliments every time I wear it. It’s about the product quality, it attracts consumers instantly",2024-01-29,YouTube,Skinn by Titan,positive,0.9052
Quality and genuine spreading a good word when product is good,2024-09-12,YouTube,Skinn by Titan,positive,0.7003
"I use skin, and I think I won't ever switch again, my gf loves it",2024-01-22,YouTube,Skinn by Titan,positive,0.5719
It's. Because ..they sell the mini version of this perfume in Titan showroom...so once u knw they are good ..u buy the bigger bottle,2024-06-21,YouTube,Skinn by Titan,positive,0.4404
Naam hi pehli bar suna😂😂,2024-02-01,YouTube,Skinn by Titan,positive,0.7003
Ratan tata ji be like... Kamaal hai.. Ye perfume maine kab bnaaya,2024-01-16,YouTube,Skinn by Titan,positive,0.3612
Mene toh abi naam suna😅,2024-01-30,YouTube,Skinn by Titan,positive,0.3612
"Have been using these for 8-9 years now(ever since launch I guess). Always have 2 -3 of them in my collection. It's really bang for bucks. Smells really nice, staying power is better than many expensive brands.",2024-07-30,YouTube,Skinn by Titan,positive,0.7178
Titan skinn Celeste is one of the most amazing perfumes available in the market which is not a dupe of anything.,2026-03-07,YouTube,Skinn by Titan,positive,0.7354
"I remember when tata had just launched Skinn, they distributed free samples in my flight (then jet airways) and i totally fell in love with this. The scent had a unique yet richness tone and it lasted long, then i bought the full bottle the very next week. So to conclude, it's not the styling of bottles but various marketing campaigns over the years, still they do. I saw the last one in a popular mall in Bangalore, they had a counter for tryout. Basically, they let the customer have the trail experience before spending 2k which is important in case of perfumes.",2024-10-01,YouTube,Skinn by Titan,positive,0.9028
Titan perfume bhi banata hai😮,2024-02-15,YouTube,Skinn by Titan,neutral,0.0
Bestest fragrance ever usin since years can't tell how mesmerizing they r my fvrt NUDE BY SKINN just luv the fragrance ❤,2024-02-03,YouTube,Skinn by Titan,positive,0.6369
"The quality of the perfume, better than cheap perfumes, better than clone perfume, similar to designer perfumes",2026-06-08,YouTube,Skinn by Titan,positive,0.7003
It does smells good,2024-05-23,YouTube,Skinn by Titan,positive,0.4404
Skinn titan raw ❤,2025-10-12,YouTube,Skinn by Titan,positive,0.6369
"I'm using skinn for last five years. It's not always about the look or money. Indian peoples are smart buyers, they always prefer things which are justified to their price. So, if you're getting 8000-10000 rupees perfumes under 2000-3000, so why not. You're getting same quality, and it lasts long in skin and also have good longevity. One 50ml bottle will lasts you 8-10months if you're using on daily basis.",2024-06-16,YouTube,Skinn by Titan,positive,0.8074
Maine paheli baar suna hai,2025-01-15,YouTube,Skinn by Titan,neutral,0.0
nd Titan perfumes dnt last more than 30 min 🤣🤣..... i dnt knw why people r buying Skinn by titan,2023-10-25,YouTube,Skinn by Titan,positive,0.7506
Tata means trust has baat khatam.,2024-11-10,YouTube,Skinn by Titan,positive,0.5106
Mai toh COBRA Lagata hu bhai 😂,2024-01-26,YouTube,Skinn by Titan,positive,0.4404
"Love their perfumes,using since 2017 and always support Indian brands. From buying Indian cars always to their perfumes and skincare,have always spent my money on them if not all but maximum.",2024-06-17,YouTube,Skinn by Titan,positive,0.5346
"I have used nude perfume of skin by titan last year, and I must say, it was amazing. Fragrance is so fresh and attractive. 

 It's true that their perfumes are costly, but also available in 10 ML and 20 ML for around 600. Those  who never tried skin perfumes, can go with these 10 and 20 ML bottles first..",2024-01-25,YouTube,Skinn by Titan,positive,0.7333
Yeh ad tha Bhai logo.,2024-02-04,YouTube,Skinn by Titan,neutral,0.0
"Titan is an already developed brand, Titan watches, titan eyecare, everything they sell is top notch. TATA has developed this trust among indian consumers that we know any new product they launch will be exceptional.",2024-08-15,YouTube,Skinn by Titan,positive,0.6883
Bruh the fragrance quality of Skinn and Steele is just next level at that price point it smells closer or sometimes better and expensive than the luxury perfumes,2024-01-30,YouTube,Skinn by Titan,positive,0.4404
"I first spotted the Skinn perfume bottles (samples) around 2018 or 2019 when I went to their showroom for buying a watch. I liked the fragrance and they gave me two free sample bottles to try. I was so satisfied that I bought a budget friendly small bottle of Skinn ( fragrance name celesté). Since then Skinn has been my go to perfume for special occasions. It's not the look of the bottle, but the quality of the product. And the brand TATA has build up a trust value in the Indian market over some decades.. that's another big factor.",2024-09-09,YouTube,Skinn by Titan,positive,0.9419
I have never used any other perfume from 2017 only titan skinn and it’s not about the way the product looks it’s the classy smell 😊,2024-01-28,YouTube,Skinn by Titan,positive,0.836
"Tried all of them ...
The absolute best is their Escapade series !! Also, Titan Skinn Steele is a hidden gem !!",2024-11-26,YouTube,Skinn by Titan,positive,0.7482
Smells very close to Aqua di gio profumo after 20 minutes.,2024-11-27,YouTube,Skinn by Titan,neutral,0.0
Nice shelf 🔥,2024-11-29,YouTube,Skinn by Titan,positive,0.1027
Best & True Review Bhai👍🏻❣️,2025-04-23,YouTube,Skinn by Titan,positive,0.9042
"According to me, from the house of skinn best perfume is Raw & Nox men both are great 👍",2024-11-26,YouTube,Skinn by Titan,positive,0.8519
"Bro Skinn Raw Instinct vs Lattafa Al Nashma Caprice, which is a better cardamom based fragrance?",2024-11-28,YouTube,Skinn by Titan,positive,0.4404
"Should I get Titan raw or armaf club de nuit intense man, club de intense decan is comes at 800",2024-11-29,YouTube,Skinn by Titan,positive,0.1531
Bhai kuch log bolte hai ganda perfume hai to lu ya nahi,2025-02-01,YouTube,Skinn by Titan,neutral,0.0
Sar ji online premium perfume kis online site se kharidna chahie,2025-02-10,YouTube,Skinn by Titan,neutral,0.0
"Skinn raw 
Top note aquatic and sinthetic 🌹 rose 
Heart note woody and earthy
Base note musk and pachouli 
Over all 7/10",2025-04-10,YouTube,Skinn by Titan,positive,0.7184
Bhai date ki liye konsa sages karenge aap pls reply,2025-03-11,YouTube,Skinn by Titan,positive,0.0772
Bhai 2500(give or take 300) tak me koi best masculine perfume recommend krdo synthetic nhi hona chahiye bs,2024-11-26,YouTube,Skinn by Titan,positive,0.7717
💙,2024-11-26,YouTube,Skinn by Titan,positive,0.6369
Bhai please help girlfriend ko gift krni hai usko skin by titan passnd hai. Is notes me koi premium perfume btado under 10k Pleasee,2025-02-09,YouTube,Skinn by Titan,positive,0.7845
"Bhai Paris Corner Emir Resurrection 
Perfume ka review kar do please i m your very old subscriber",2024-11-26,YouTube,Skinn by Titan,positive,0.3182
Fragrance and fashion Blue cruise is an excellent clone of this❤❤❤❤❤..... I couldn't believe how much similar it was to skinn raw(more than 90 %)😮😮😮.....such an underrated fragrance in budget .....I got 30 ml for just 250 Rupees❤❤,2026-05-07,YouTube,Skinn by Titan,positive,0.9879
"Theoreme or Turathi Blue or Armaf Iconic 

Based on performance!",2025-06-08,YouTube,Skinn by Titan,neutral,0.0
Can we refill 20ml ?? Bottle,2025-05-21,YouTube,Skinn by Titan,neutral,0.0
"Please review the Westside perfumes. 
Westside ke city ke name par se perfumes hai wo bohot ache and real smell karte.",2024-11-27,YouTube,Skinn by Titan,negative,-0.0772
i like rumz silver can you suggest me more sweet type of perfume  . my buget is 3 to 4 k,2024-11-29,YouTube,Skinn by Titan,positive,0.6997
"Bro I want a fresh lavender-smelling fragrance, in the range of 500 the smell is very generic where we smell on people outside we go, a common fresh fragrance. Can you suggest any fragrance like that please? I wasted so much money searching for that kinda smell",2025-01-27,YouTube,Skinn by Titan,positive,0.6705
Paaji. Main first 😅,2024-11-26,YouTube,Skinn by Titan,positive,0.3612
How to apply perfume correctly. Please guide.,2025-08-18,YouTube,Skinn by Titan,positive,0.3182
Titan raw vs wildstone code aqua which one should I take?,2025-01-10,YouTube,Skinn by Titan,neutral,0.0
"Great Video brother ❤
Skin Stelle vs skinn nox which is better in term of smell Nd longevity?",2024-11-26,YouTube,Skinn by Titan,positive,0.9042
Bhai Cartlon London Devy kaisa perfume hai??,2025-03-11,YouTube,Skinn by Titan,neutral,0.0
Karan bhai ek doubt clear kar do 800-850 ka upsilon shooting star recommend kiya tha aapne as a versatile all weather perfume but Heavenduft pinetone mil rha hai mujhe at 950/- toh kaunsa lena sahi rahega??,2024-11-28,YouTube,Skinn by Titan,positive,0.2869
Aur bhai rasasi ke perfume authentic kha se lu ? Kisi pr trust nhi hota h 😢,2024-11-26,YouTube,Skinn by Titan,positive,0.0516
"Bhai bta do kaise lun mintra se   raat ko 1 baje bhi 590 ka dikha rha hai  black friday sale main ,ab batao kaise pun, please😢",2024-11-27,YouTube,Skinn by Titan,negative,-0.2023
United colours of benetton big dreams kesa rahega? Daily use keliye,2024-11-27,YouTube,Skinn by Titan,positive,0.6705
Any cheap designer perfume under 5k? For summers,2025-02-28,YouTube,Skinn by Titan,neutral,0.0
Which one is best raw original or new raw flanker (yellow one),2024-11-26,YouTube,Skinn by Titan,positive,0.7579
Bhai afnan rebel kabb ayega market meah aur price kitna  hoga,2024-11-26,YouTube,Skinn by Titan,negative,-0.1531
Bhai manali jaa raha hu December end me friends group ke saath ek acha sa 10ml decant bol do iss 7-8 ke tour ke liye under 500rs 10ml decant please bhai please koi suggest krdo your favorite,2024-11-27,YouTube,Skinn by Titan,positive,0.8658
Bhai it's showing 590 in Flipkart for 20ml,2024-11-26,YouTube,Skinn by Titan,neutral,0.0
❤🫂,2024-11-26,YouTube,Skinn by Titan,neutral,0.0
"Recommend a perfume which is mass pleasing and long projecting under 1k and 75-100ml, so that I can wear it for whole year. Your recommendation is important to me cuz other reviewers just tell some 5k like costly perfumes which is not the budget range",2024-11-26,YouTube,Skinn by Titan,positive,0.8316
Bhai girlfriend ko gift Krna h ek perfume budget 2000 aas paas h aur usse soft and floral notes psnd hai,2024-11-26,YouTube,Skinn by Titan,positive,0.7506
Hi bro..afnan snoi 150ml ka lasting or projection kaisa hai..worth or not for 3750,2024-11-26,YouTube,Skinn by Titan,neutral,0.0
Kya Myntra se original product aata hai ? Perfumes me fake bohot aate hai original bottle me to kya original milta hai discount me ?,2024-11-26,YouTube,Skinn by Titan,positive,0.4871
Bhai raw instinct ka review ayega kya,2024-11-27,YouTube,Skinn by Titan,neutral,0.0
Bhai manali jaa raha hu December end me friends group ke saath ek acha sa 10ml decant bol do iss 7-8 ke tour ke liye under 500rs 10ml decant please,2024-11-26,YouTube,Skinn by Titan,positive,0.6597
Iski smell wild stone steel jaisi hai ?,2024-11-26,YouTube,Skinn by Titan,neutral,0.0
Apka favorite Made in India perfume kaunsa hai?,2022-04-03,YouTube,Skinn by Titan,positive,0.4588
His voice is so peaceful,2024-02-25,YouTube,Skinn by Titan,positive,0.6269
"The worst part of this channel is it has only 42k subs. Are kaam kaam ka hai bhai this guy is genuine. It must go beyond atleast 100k. He is brilliant. 👍🏻👍🏻

Edit - I posted this comment 3 years ago. I am very happy that he is almost about to touch 2M soon. This man literally deserves it. ❤👍",2022-04-03,YouTube,Skinn by Titan,positive,0.8357
"Mene aaj hi liya hai 
Honestly kitna paisa lag raha h itna acha nhi hai paisa kharab mat karo",2023-09-13,YouTube,Skinn by Titan,positive,0.1531
This is my favourite Indian perfume. Lasts full day for me,2022-04-03,YouTube,Skinn by Titan,neutral,0.0
I want to know about your take on this perfume. You are the most knowledgeable reviewer. Zero clickbait content. 50K subs soon ❤❤👍,2022-04-03,YouTube,Skinn by Titan,positive,0.8658
I always keep this perfume in my collection for summer wear.   It is quite refreshing.,2022-04-03,YouTube,Skinn by Titan,neutral,0.0
Finally😍 bhut wait kia is perfume ke review ka from ur side,2022-04-03,YouTube,Skinn by Titan,negative,-0.296
Seeing that Milestone and Sillage on the top of your shelf makes us all wonder when their reviews are coming :),2022-04-03,YouTube,Skinn by Titan,positive,0.5859
U r reviews r grt arpit...the way u explain about the notes....nd the stages of the perfumes....thts really appreciate able.....God bless u brother,2022-04-03,YouTube,Skinn by Titan,positive,0.7233
what an error pick 👏Without shouting or making fun you so humbly pointed out the website error. You have a great nature and knowledge. 100%% support,2022-04-03,YouTube,Skinn by Titan,positive,0.6908
Bilkul sahi...project ni karta hai....100 percent genuine review....i have been using it for 1 month now......,2022-04-03,YouTube,Skinn by Titan,neutral,0.0
"Im a Big fan of yours
Loads of ❤
Allah hamesha aap ko khush aur salamath rakkhe",2022-04-03,YouTube,Skinn by Titan,positive,0.7579
Vai 2022 summer collection .. please 😍,2022-04-03,YouTube,Skinn by Titan,positive,0.6486
Arpit bhai ..majaa aa gaya dekh ke tujhe ..good going bro...,2022-04-03,YouTube,Skinn by Titan,positive,0.4404
In 1 word tulip flower ki smell bohot pyaari he isme best perfume ❤,2024-11-03,YouTube,Skinn by Titan,positive,0.8555
"बहुत बहुत धन्यवाद भाई आपको आखिर आपने आज स्किन की खुशबू के बारे में बात की,,,,",2022-04-03,YouTube,Skinn by Titan,neutral,0.0
Nice take on the spelling bro which compliments the way you present your review... 👍,2022-04-03,YouTube,Skinn by Titan,positive,0.6705
Hello bro 😄 came across your channel today. Just wanted to appreciate the work you are doing .,2022-04-04,YouTube,Skinn by Titan,positive,0.802
Most honest review. Not for this but for all perfumes.,2024-01-20,YouTube,Skinn by Titan,positive,0.3174
Arpit bhai bohot time se bol rhe ho kab ventanna vs zeal wli video laaoge..love from India ❤️,2022-04-03,YouTube,Skinn by Titan,neutral,0.0
Aap itni achi tarha se explain karate hain perfume ke bare me dil khush ho jata hai video dekh ke aapki😊😊😊😊😊😊,2025-02-01,YouTube,Skinn by Titan,positive,0.9872
"Very good review, I have been using raw since 3 yrs, it's a good floral , marine scent with aqua di gio ,dna.",2022-04-03,YouTube,Skinn by Titan,positive,0.7264
You are not negative towards this perfume but I heard it’s one of best Indian perfume with good reviews. Aur iska performance bohot strong hai .,2022-09-22,YouTube,Skinn by Titan,positive,0.9524
"Great video , would love to see a review on nike perfumes they’re just lovely smelling especially the up and down variant",2022-04-07,YouTube,Skinn by Titan,positive,0.9201
"Perfect Review! It was one of my signature scents, for last 2 years. this year jaguar ultimate power replaced it!",2022-04-04,YouTube,Skinn by Titan,positive,0.6467
Ap ka hi video best ❤️❤️,2022-04-03,YouTube,Skinn by Titan,positive,0.6369
Make review of cigaar perfume and deo ....love your work and love the background ❤️,2022-04-03,YouTube,Skinn by Titan,positive,0.8555
Amazing work!,2022-11-29,YouTube,Skinn by Titan,positive,0.6239
Bhai aapka perfume knowledge kafi badia haii 😊,2023-05-02,YouTube,Skinn by Titan,positive,0.7184
Every guy i gifted this to has loved thiss,2024-07-20,YouTube,Skinn by Titan,positive,0.5994
Thanks for the information ☺️,2025-04-01,YouTube,Skinn by Titan,positive,0.7096
Honest review ❤❤❤,2022-04-03,YouTube,Skinn by Titan,positive,0.9509
"arpit bhai giveaways hota toh maja aajata, 
love from nepal 🇳🇵",2022-04-03,YouTube,Skinn by Titan,positive,0.6369
Bro ur Wildstone edge review 😳 that changed my fashion philosophy yap it did Now made it a signature sent seriously 😳 😐 u saved my money 💰 🤑 kudos 👏 💐 🥳 keep on going 👏 🙌 👍 thanks 😃 a bunch,2022-05-07,YouTube,Skinn by Titan,positive,0.9081
You are spot on. I have this perfume.,2023-05-08,YouTube,Skinn by Titan,neutral,0.0
Bhai ek detailed video banaoge har budget k hisab se perfumes kaise hote hai,2022-04-03,YouTube,Skinn by Titan,neutral,0.0
Muhe ye Flipkart se 1K ka mila tha 2018 k Big Billion sale pe,2022-04-03,YouTube,Skinn by Titan,neutral,0.0
"Perfect review!!!
Please review the titan skinn verge, I don't like the dry down of raw, but the dry down  of verge is good and last long on me.",2022-04-04,YouTube,Skinn by Titan,positive,0.8004
Bhai love u from Kolkata 😘😘,2022-04-03,YouTube,Skinn by Titan,positive,0.8689
"From 42k to 142k Subscriber, Bro Comes A Long Way.",2024-08-06,YouTube,Skinn by Titan,neutral,0.0
Love your detailed reviews! It would help us a lot if there is English subtitles or translation!,2026-05-10,YouTube,Skinn by Titan,positive,0.8168
"Titan Skinn perfumes have a good collection but none of them last more than a few hours. By few hours, I mean 2-3 hours.",2022-04-03,YouTube,Skinn by Titan,positive,0.2382
Your voice is very good,2022-04-03,YouTube,Skinn by Titan,positive,0.4927
Hey Arpit thanks just got the perfume last week totally loving it..can you pls also review skinn Steele planning to buy it,2022-04-06,YouTube,Skinn by Titan,positive,0.8122
"Bro review more indian perfumes like from wild stone , Denver.., Fogg",2022-04-03,YouTube,Skinn by Titan,positive,0.4144
Nice review,2022-05-19,YouTube,Skinn by Titan,positive,0.4215
All theperfume aap review karte sab best he hai,2022-04-08,YouTube,Skinn by Titan,positive,0.6369
The fragrance is awesome,2023-11-11,YouTube,Skinn by Titan,positive,0.6249
Please make a full review on Salvator ferragamo F black❤️,2022-04-03,YouTube,Skinn by Titan,positive,0.3182
Got a compliment today itself at work.,2025-10-29,YouTube,Skinn by Titan,positive,0.4767
I would say Raw is way better than those overly hyped oriental perfumes!,2025-05-27,YouTube,Skinn by Titan,positive,0.4926
This was the first fragrance I’ve bought in my life and my girl always loved it so I’m gonna buy it may be just for her,2025-02-28,YouTube,Skinn by Titan,positive,0.5994
"I like this perfume vry much....the Best perfume for High heat.....it depends on person to person,but i like its DNA.... first i buy 20 ml cost me around 500 ,now I own 100 ml....its a good fragrance",2025-02-07,YouTube,Skinn by Titan,positive,0.9022
Love the video❤️. Start a series on reviewing most sold perfume online.,2024-12-05,YouTube,Skinn by Titan,positive,0.6369
"Bhai maine aapki kafi videos dheki h aapne sare genuine reviews diye thats great, aap perfumex k perfumes k review bnao youtube pe bhot km genuine reviews h.btw great work got one subscriber",2024-12-23,YouTube,Skinn by Titan,positive,0.8481
Please make more videos because you have one of the best and unbiased explanation,2024-12-08,YouTube,Skinn by Titan,positive,0.7506
"It's attached to my memories too, i mostly agree with you but I have to disagree with the idea that Voyage is better, or with the other things you mentioned. It has a floral quality and a watery, watermelon-like scent. Simply put, it has far more character than something watery and cucumber-like, such as Nautica.",2025-07-03,YouTube,Skinn by Titan,positive,0.296
finally an honest review about Raw......would be great if you compare it with Raw Instinct.....and also as a replacement do try Mocemsa Mystic Ocean.....its around 2000 to 2200.....i'm sure you'll like it,2024-12-11,YouTube,Skinn by Titan,positive,0.9042
you have turned out to become my favourtite perfume channels now!,2025-04-05,YouTube,Skinn by Titan,neutral,0.0
Finally you said sth right that it's really good fragrance buy bad performer. And 3k for this feels not worth it.,2026-05-22,YouTube,Skinn by Titan,negative,-0.2437
"Bought skinn a week back, and it is way better than how it's potrayed here. Yesterday bhai synthetic ajmal ko acha bolta hai, and ye ache waale ko synthetic. Skinn raw smells exactly like watermelon, which is neither synthetic nor overwhelming. Aur ye blue fragrance nahi hai, Amalfi zarur hai",2025-04-07,YouTube,Skinn by Titan,positive,0.4215
Using this perfume seance 2021 and it's been great to me,2024-12-23,YouTube,Skinn by Titan,positive,0.6249
"Hi
can you suggest some good musk, tonka bean and vanilla perfume for college students.",2024-12-07,YouTube,Skinn by Titan,positive,0.4404
Very nich explanation Thx,2024-12-07,YouTube,Skinn by Titan,positive,0.4144
Carlton london vs cargo cfs blue which is best ?,2024-12-06,YouTube,Skinn by Titan,positive,0.6369
10-20 min dry down Mai to pyaara hojata hai ye bohot,2025-07-18,YouTube,Skinn by Titan,neutral,0.0
Make i video on how to start a perfume collection in budget for college students 😅,2024-12-06,YouTube,Skinn by Titan,positive,0.3612
i have this perfume. Jitni jyada garmi hoti hai utna acha perform karta hai ye. This was my experience. aap bhi ye chiz please test karke reply kariyega bhaiya. 😊,2025-01-26,YouTube,Skinn by Titan,positive,0.8074
"Bilkul sahi kha bhai apne asl me review yhi hai 
Baki sab perfume ko achha hi bta rahe hai bhle koi 200 se 2000 tak dekho kush samjh hi aata",2026-05-11,YouTube,Skinn by Titan,neutral,0.0
Almost all the fragrance below 10K are synthetic only.....Please review Skinn Raw Instinct,2025-06-21,YouTube,Skinn by Titan,neutral,0.0
Cover all skin titan perfumes  !!,2025-10-07,YouTube,Skinn by Titan,neutral,0.0
Honest review man I have both of them skin by Titan as well Nautica voyage and honestly I am saying Nautica voyage is thousand times better❤❤❤,2024-12-07,YouTube,Skinn by Titan,positive,0.9747
I would prefer Wild Stone Hero.,2025-05-17,YouTube,Skinn by Titan,positive,0.5574
It has a creamy white floral note. Macerate it its worth the price.,2025-05-04,YouTube,Skinn by Titan,positive,0.2263
4:10 I just love this perfume... It just got into my head ... Please can you find an alternative of this perfume ?,2026-03-11,YouTube,Skinn by Titan,positive,0.7579
Pehli baar sahi baat ki.. Its not worth more than 800-900₹ for 100 ml.,2026-01-10,YouTube,Skinn by Titan,negative,-0.1695
I got so many compliments with Nautica voyage and none by the Raw!,2024-12-10,YouTube,Skinn by Titan,positive,0.5057
"I have Skinn Escapade Mediterranean Grove,,perfume guru made a video about that fragnance,,its actually very good and a clone of creed aventus..Make a video on Nautica voyage and Jaguar classic black.. pls brother... And rasasi Daarej also...❤❤ Lots of love ❤❤",2024-12-14,YouTube,Skinn by Titan,positive,0.9788
One of my favorite perfume!!🥰🥰,2024-12-05,YouTube,Skinn by Titan,positive,0.9595
i think the most argued point will be its price,2026-01-22,YouTube,Skinn by Titan,negative,-0.4201
Park Avenue elevate ka koi perfume substitute hai kya ?,2025-02-10,YouTube,Skinn by Titan,neutral,0.0
Totally agree,2025-06-14,YouTube,Skinn by Titan,positive,0.4201
Bro please suggest perfume alternative for wild stone code steel deodorant,2025-10-19,YouTube,Skinn by Titan,positive,0.3182
"Raw is very very good..I own YSL Y, JPG Le Male, Azzaro MW, Paco Rabanne Invictus and many more.. but Titan Skinn Raw is verryyyy Good..it does not last long but the fragrance note is awesome. Buy the 20ml one and use it when required.",2025-12-07,YouTube,Skinn by Titan,positive,0.7684
"Can't believe you started posting 2 weeks back, excellent content, look forward for more reviews",2024-12-10,YouTube,Skinn by Titan,positive,0.5719
In this price range I'll suggest everyone to go for Nitro Red instead,2024-12-13,YouTube,Skinn by Titan,neutral,0.0
Can suggestion me non alcoholic secent light smell good projection around 1000,2025-04-30,YouTube,Skinn by Titan,positive,0.4404
"Bhai skinn by titan ka raw instinct try kro because titan walo ne performance improve kr ke launch kiya hai...and also there are skinn by Titan steel, nox are much better❤",2025-02-10,YouTube,Skinn by Titan,positive,0.875
Please suggest perfume version of Park Avenue Cool blue 💙,2024-12-14,YouTube,Skinn by Titan,positive,0.8316
You should give a shot to skinn's Amalfi bleu. It is way better than raw titan.🙂,2024-12-11,YouTube,Skinn by Titan,positive,0.6815
"I liked this perfume very much, and it doesn't feel synthetic at all. It's the best i have ever bought. Projecetion and longevity are also great. And the reason people buy 20 ml is not coz its bad, its coz 100ml is expensive.",2025-10-04,YouTube,Skinn by Titan,positive,0.9319
"Iska better alternative hai , fragrance and fashion ka blue wave ,bohat better hai",2025-03-14,YouTube,Skinn by Titan,positive,0.7003
Love your honest reviews 🔥,2024-12-05,YouTube,Skinn by Titan,positive,0.7269
"Yeh thodi thodi dng light blue intence bali feel deti he base me

Quality not the same but kafi similar he base me",2025-04-20,YouTube,Skinn by Titan,neutral,0.0
Thank you sir,2024-12-05,YouTube,Skinn by Titan,positive,0.3612
"Sooo good bro 

Keep it up 
Just don’t stop making videos ❤",2024-12-05,YouTube,Skinn by Titan,positive,0.7096
"I wore it first time on my marriage on 30 OCT 2015. My.Wife loves it and still its my daily wear perfume till date. However, I will get Raw Instinct as my next purchase.",2026-05-02,YouTube,Skinn by Titan,positive,0.5719
"It may be your thoughts on it and i respect it,but i have used it since very long time almost since 5 years, and i m perfume enthusiastic and used almost more than 300-400 different type of fragrances till date, and skinn raw is one of best and unique fragrance  what i experienced, its juice blend quality is very good, even it worth 4000-4500, i never felt any synthetic like smelling, even you can blind buy it, one of the superb perfume i have ever used",2025-02-26,YouTube,Skinn by Titan,positive,0.9612
Not everyone is a reviewer and mostly people in India doesn't know much about perfumes they just buy deo instead of perfumes and the thing about raw it's really great even now becoz as I said not everybody is a reviewer and have knowledge about perfumes except people like us,2026-05-08,YouTube,Skinn by Titan,positive,0.7841
"Bro each perfume cost ₹1,516 total ah ₹3,032 bro namakku antha 10 ruba atthar pothum 😂😂",2022-03-22,YouTube,Skinn by Titan,positive,0.7003
Anna lens Oru Valiya Set pannittinga pola Nalla irukku but unga Normal eye ya Cute ah thaan irukku 😘😘😘😘😘,2022-04-01,YouTube,Skinn by Titan,positive,0.9735
Girls perfume boys attract agura mathirithan manufacturing pannirupanga athan ungalukum girls perfume pudichirukku,2023-03-20,YouTube,Skinn by Titan,positive,0.3612
Yna bro expression lam bangam😅🔥,2022-03-11,YouTube,Skinn by Titan,neutral,0.0258
That eye lens 😂😂😂,2022-03-12,YouTube,Skinn by Titan,positive,0.8271
Naa itha vaangiruken 2 years munadii ( girl perfume ) very mild smell..... ungaluku matthum thaa smell varum and konja nerathula smell kammi aagirum.....waste of money....butt that smell is too good 👍,2022-04-25,YouTube,Skinn by Titan,positive,0.4404
Bro unga expressions la patha English pada villain mariye irukinga 😂,2022-06-22,YouTube,Skinn by Titan,negative,-0.1779
"The 90% vulnerability: Inside Ajoy Chawla’s masterplan to rewire Titan. A stellar quarter and  ₹76,000 crore in annual revenue couldn’t save Titan from a brutal market crash. As gold tariffs rise and macro shocks hit Tanishq, can the retail giant successfully pivot to a diversified lifestyle future?",2026-05-25,News,Skinn by Titan,negative,-0.5994
"Tata CLiQ Fashion, Tata CLiQ Luxury, and Tata CLiQ Palette redefine shopping with “No Limits, No Rules” at The Big CLiQ Sale. Tata CLiQ Fashion, Tata CLiQ Luxury, and Tata CLiQ Palette redefine shopping with ""No Limits, No Rules"" at The Big CLiQ Sale",2026-05-12,News,Skinn by Titan,negative,-0.5267
"Titan Q4 net profit climbs 35.4% to ₹1,179 cr; FY26 revenue hits ₹75k cr. Titan's Q4 net profit rises 35.4% to ₹1,179 crore, with FY26 revenue reaching ₹76,797 crore, marking strong growth.",2026-05-08,News,Skinn by Titan,positive,0.91
"Titan Q4 profit jumps 35% as jewellery sales power growth. Titan reported a 35% rise in Q4 FY26 net profit to Rs 1,179 crore, driven by strong jewellery demand and premium watch sales. Revenue surged 46%, while expansion in India and overseas, including the Damas acquisition, strengthened Titan’s retail and internati…",2026-05-08,News,Skinn by Titan,positive,0.9186
"Titan clocks strong FY26 on wedding demand, rising gold prices. The jewellery business drives growth as consumers advance purchases amid rising gold prices.",2026-05-08,News,Skinn by Titan,positive,0.6597
"Titan shines on jewellery boom; Q4 profit jumps 35% to ₹1,179 cr. The company’s smart watches segment saw a decrease by 50 per cent in overall value, but the analog watch section saw double digit growth",2026-05-08,News,Skinn by Titan,positive,0.7845
"Use code-
BVO-PRAMITAHALDER
for extra 20% discount (in bella vita website/app)",2025-10-03,YouTube,Bella Vita Perfume,neutral,0.0
"Date smells like a candy
But Rose hits different❤",2025-06-10,YouTube,Bella Vita Perfume,positive,0.8201
"Believe me glam is best , at first it smells wierd( too strong) but after 5 minutes , it smells heaven, soft feminine scent",2025-11-05,YouTube,Bella Vita Perfume,positive,0.8481
My favourite is senorita and fresh! I think theyre so good…❤,2025-04-20,YouTube,Bella Vita Perfume,positive,0.7938
"Date wala aisa lgta hai ki 
Chasni me gulab ke phool dal diye ho 
Believe me I try it",2025-08-24,YouTube,Bella Vita Perfume,neutral,0.0
rose on is also good  it's smell is very good,2025-06-13,YouTube,Bella Vita Perfume,positive,0.7264
Bella Vita collection is stunning! 💜 Each perfume tells a story. Rose & Glam are absolutely unmatched. Perfect for every occasion,2025-12-18,YouTube,Bella Vita Perfume,positive,0.888
"Elegant fragrance, long-lasting, perfect for any occasion.",2025-09-28,YouTube,Bella Vita Perfume,positive,0.7783
"Honestly speaking, when i was using the dark blue one, i kept getting compliments even after 6 hours so like it's highly recommended y'all must try😭🙏🏻 at first it smelled a lil wierd to me but later on i felt like it smells pretty good yk.",2025-01-13,YouTube,Bella Vita Perfume,positive,0.942
Umm so like any suggestions on yellow and brown one? Honest review please?,2025-01-23,YouTube,Bella Vita Perfume,positive,0.8295
I like the senorita one because it has a very light and fresh smell❤,2025-06-04,YouTube,Bella Vita Perfume,positive,0.8505
Trust me guys Date gave me migraine for about 3 hrs when I came home back got rid off clothes and shower to feel better after that heck smell. It was that irritating.,2024-11-19,YouTube,Bella Vita Perfume,positive,0.4939
"Personally I didn't like date but rose is subtle and also smells good. 
2 pumps of date feels strong.",2025-11-22,YouTube,Bella Vita Perfume,positive,0.8292
Gurlll what are you talking about glam is best it is quiet and Musky no headaches for sure and very subtle,2024-11-19,YouTube,Bella Vita Perfume,positive,0.6486
Date is like very sweet and fruity u will love that,2024-10-31,YouTube,Bella Vita Perfume,positive,0.8748
GUYS SENORITA IS RLLY GOOD!!!!  a subtle beautiful scent,2026-03-14,YouTube,Bella Vita Perfume,positive,0.8658
"Who is best purfume for college student ❤, please answer me ma'am 😊",2026-02-28,YouTube,Bella Vita Perfume,positive,0.9493
"SKAI = नहाने वाले लाइम फ्रेश सॉप के जैसा , या फिर फ्लोर क्लीनर के जैसा

FRESH = क्रीमी बॉडी लोशन के जैसा

(एग्जांपल)",2025-05-04,YouTube,Bella Vita Perfume,positive,0.4648
"Between unisex amd women which would u recommend (likabke fragrance nd long lasting) 
Is it worth the price comparrd to other perfumes in general?? 
Its my first time buying ( would u recommend any other perfume which is long lasting affordable and has good fragrance?) 
There is a pack of 4 for both on Amazon 
so please reply",2025-02-08,YouTube,Bella Vita Perfume,positive,0.9191
"Pls try from indian brand wattagirl, tuscan green variant",2025-03-12,YouTube,Bella Vita Perfume,positive,0.0772
"Hey can someone tell me which one is better .....bellavita rose, honey oud, white oud for someone who cant tolerate strong overpowering scents, and wanna smell very feminine",2026-02-18,YouTube,Bella Vita Perfume,positive,0.0511
"Thankyou. I got "" Date woman"" as gift from one of my aunts.
I got to choose from different flavors perfumes of Bellavita. Luckily, I chose  first one😊",2025-10-17,YouTube,Bella Vita Perfume,positive,0.9042
Which one should i buy guys? Glam or date?,2025-08-23,YouTube,Bella Vita Perfume,neutral,0.0
Try honey oud it is long lasting and smells so rich❤❤,2025-08-30,YouTube,Bella Vita Perfume,positive,0.9358
Senorita and rose variant is too good,2024-11-28,YouTube,Bella Vita Perfume,positive,0.4404
Is senorita and glam perfume good ??,2026-01-22,YouTube,Bella Vita Perfume,positive,0.504
Perfume liking is based on preference…i really love the rose and glam ones,2025-11-13,YouTube,Bella Vita Perfume,positive,0.8016
And mam honey oud ❤❤??,2025-08-03,YouTube,Bella Vita Perfume,positive,0.8677
This perfume are alcoholic or not plzz reply,2025-05-28,YouTube,Bella Vita Perfume,neutral,0.0
"glam got leaked when i ordered, it smelt so good. but my mom liked it. oud is worst",2024-10-24,YouTube,Bella Vita Perfume,negative,-0.3025
Fresh unisex ka mehak bhot mst ha kapda dhone ke bad bhi smell krta hai !!,2025-11-18,YouTube,Bella Vita Perfume,positive,0.1984
Honey and wow girls combo try and review pls 🤌🏻🧎🏻‍♀️!,2025-04-16,YouTube,Bella Vita Perfume,positive,0.6588
The date women was ✨🤧💖🥰🥺,2025-04-19,YouTube,Bella Vita Perfume,positive,0.9432
Can u tell some of ur good and best perfumes overall not from this reel or bellavita just overall from ur perfumes wardrobe bcz I guess we got the same taste pplllleeeeeaaaseeeeee,2025-08-17,YouTube,Bella Vita Perfume,positive,0.7964
Glam fans assemble here🥹🫶🏻,2024-12-17,YouTube,Bella Vita Perfume,neutral,0.0
Except senorita sare sahi lage but fav  are date and white oud,2025-11-01,YouTube,Bella Vita Perfume,positive,0.6124
Date rose my fav ❤,2024-12-16,YouTube,Bella Vita Perfume,positive,0.802
Glam is my one of the favourite one and its really smell good,2025-12-09,YouTube,Bella Vita Perfume,positive,0.4902
Such a honest review i don't know why people like these perfume 😅it has very strong smell and the people like me have to suffer from the headache. I'll say don't buy it if u don't like strong smell,2025-06-23,YouTube,Bella Vita Perfume,positive,0.7254
Small bottle lelu date women ki achhi rahegi naa❤,2025-05-02,YouTube,Bella Vita Perfume,positive,0.6369
Guys belive me I have bought date it lasts for around 3 days on my clothes and I have to wash clothes to remove smell,2025-07-18,YouTube,Bella Vita Perfume,neutral,0.0
Is that each bottle 80 ml or whole 4 us total 80 ml??,2025-03-21,YouTube,Bella Vita Perfume,neutral,0.0
You should try the honey oud one too it smells very good,2026-02-10,YouTube,Bella Vita Perfume,positive,0.4927
My most fav is honey n white oud❤,2025-04-24,YouTube,Bella Vita Perfume,positive,0.8173
আমার জীবনে প্রথম উপহার আমি জায়েমকে দিয়েছিলাম আর ওটা ওর প্রিয় perfume ছিল।💯✔️,2025-09-05,YouTube,Bella Vita Perfume,neutral,0.0
What about white oud and honey oud perfume?,2024-11-18,YouTube,Bella Vita Perfume,neutral,0.0
Rose variant is 😍😍😍,2025-03-20,YouTube,Bella Vita Perfume,positive,0.8402
Thank you ❤,2024-09-28,YouTube,Bella Vita Perfume,positive,0.7717
Which one is floral but not fruity?,2025-05-16,YouTube,Bella Vita Perfume,neutral,0.0
"Glam is awesome, it has a pleasant floral smell ❤️",2026-04-26,YouTube,Bella Vita Perfume,positive,0.8126
Honest review appreciated! Quality > hype. Worth exploring better alternatives that deliver real value 💯,2025-12-18,YouTube,Bella Vita Perfume,positive,0.92
"Same perfumes...... Has anyone tried Being Me perfumes on Amazon? Saw them recently, curious about longevity.",2026-01-25,YouTube,Bella Vita Perfume,positive,0.4588
Bhai designer aur niche ke baad toh insaan ko kaha pasand aye ga Bella Vita,2025-12-03,YouTube,Bella Vita Perfume,neutral,0.0
Don't judge a book by his cover bro,2026-01-18,YouTube,Bella Vita Perfume,neutral,0.0
"I really like date one .
Bellavita date:
It’s a beautiful fragrance
Girly sexy seductive notes,when you’ll smell you will fall in love ,not overly sweet yet decent notes.
Perfect for night or date parties
Daytime also okay
Drawback:
1.date is good but not long lasting
Evenif you spray 10-11 times still it doesn’t last for 20mins
When you spray in the first 10mins it projects so well but after 10mins no person can detect this perfume on you.
On clothes also mild presence you can feel.
Honestly I have tried bellavita date,skai,honey oud — these are beautiful fragrances but not long lasting so why to purchase??? Honestly they last for only 10mins. So don’t go with hype at all.

If you want to use it as roomspray then also just for 2-3 mins it lasts 😂

I have no hard feelings towards bellavita but it’s an indian brand but what to do when it doesn’t stand out on expectation.
Kindly skip bellavita perfumes.Influencers are fooling you saying it’s long lasting.",2026-04-03,YouTube,Bella Vita Perfume,positive,0.9874
I've got an expiry date perfume and still they said I can't return it,2026-02-28,YouTube,Bella Vita Perfume,neutral,0.0
Nice video❤,2025-09-30,YouTube,Bella Vita Perfume,positive,0.7906
please guys help me with good perfume with atleast 8 hours,2026-05-23,YouTube,Bella Vita Perfume,positive,0.7845
Honey oud dont buy it smells bad,2026-03-28,YouTube,Bella Vita Perfume,negative,-0.5423
Tmkc dislike kr dia maine 😂,2025-12-27,YouTube,Bella Vita Perfume,positive,0.0772
Attitude itna ghaad raha hai ki puri duniya iski hai,2026-04-12,YouTube,Bella Vita Perfume,neutral,0.0
Disliked without increasing watch time 😂😂😂😂😂😂😂,2026-03-07,YouTube,Bella Vita Perfume,positive,0.9485
Belltiva ka owner hi nahin lagata Bella Vita😂,2026-04-28,YouTube,Bella Vita Perfume,positive,0.4404
Are bhai tuhi bata dena,2026-04-08,YouTube,Bella Vita Perfume,neutral,0.0
Ab ye joker sa kha aa rha h bich me 😅😅😅😅😅😂😂😂😂,2026-04-06,YouTube,Bella Vita Perfume,positive,0.9705
Abe itni overacting kyo kar raha 😅. sidhe sidhe nahi bata sakta kya be ???,2026-03-29,YouTube,Bella Vita Perfume,positive,0.466
Pehele seedha khada ho or haan ye perfume tere liye h bhi ni,2026-03-06,YouTube,Bella Vita Perfume,neutral,0.0
"Try Alvoire perfumes
Truffle oud
Sylvan essence 
Drift & wood 
For girls Light of life 🥳
Noble Dark 
Aura of guidance 
Trust me you never gonna regret buying it 😍",2026-04-12,YouTube,Bella Vita Perfume,positive,0.9221
Shut up i used white oud if bella vita washed my hands with soap 6 times still the smell did not go goated perfume,2026-05-30,YouTube,Bella Vita Perfume,neutral,0.0
Tum beta strawberry perfume lagao bus usi ke liye Bane Ho,2026-05-09,YouTube,Bella Vita Perfume,neutral,0.0
Tap nhi karna... isliye dislike mar deta hu....🎉😊,2025-11-19,YouTube,Bella Vita Perfume,positive,0.7269
Seriously its over hyped. Nit even one perfume is worth the hype. Better buy attar for much cheaper price or buy OG brand perfumes at gud price. Never seen such a false promised product. Wasted 700 rupees on this waste product,2025-12-27,YouTube,Bella Vita Perfume,negative,-0.2144
Bellavita ke saare oud type bekar h bhai,2025-11-14,YouTube,Bella Vita Perfume,neutral,0.0
I wish YouTube should show numbers of dislikes,2026-06-04,YouTube,Bella Vita Perfume,neutral,0.0
Chor hai company fraut ek number ki,2026-01-22,YouTube,Bella Vita Perfume,positive,0.0772
Wo sab chor tu mitha h ya normal h? Wo clear kar😊,2026-01-02,YouTube,Bella Vita Perfume,positive,0.8225
Love the variety in this set! The fresh scents are perfect for everyday wear. Iluminair botanical perfume roll on is also fantastic! ✨,2025-12-24,YouTube,Bella Vita Perfume,positive,0.9492
I have that perfume  and I like skai it smells soo good it's dark blue and light blue,2026-02-14,YouTube,Bella Vita Perfume,positive,0.6597
Ye same perfume mere bhaiya ke pass bhi hai vo Raipur se lae the 😂😂😅😅,2025-06-09,YouTube,Bella Vita Perfume,positive,0.8689
My pav is defo white and honey oud!,2025-06-23,YouTube,Bella Vita Perfume,neutral,0.0
Today only i purchased thanks for the information when to use which one is best,2026-03-11,YouTube,Bella Vita Perfume,positive,0.7964
I have all these . Love honey and white oud,2026-04-19,YouTube,Bella Vita Perfume,positive,0.6369
CEO man or honey oud which is better?,2026-05-08,YouTube,Bella Vita Perfume,positive,0.4404
I have used Honey Oud ❤ omg sucha sweet fragrance ❤,2024-12-25,YouTube,Bella Vita Perfume,positive,0.9081
Bella Vita white oud😊,2026-01-10,YouTube,Bella Vita Perfume,positive,0.7184
Bro long lasting work he 10 hours,2025-10-10,YouTube,Bella Vita Perfume,neutral,0.0
Orange 🧡,2024-12-27,YouTube,Bella Vita Perfume,positive,0.6369
is box ko kaha se mangawau plz btao,2025-12-20,YouTube,Bella Vita Perfume,positive,0.0772
White oud kaisa hai,2026-05-03,YouTube,Bella Vita Perfume,neutral,0.0
Ye kitana ka hai,2026-05-29,YouTube,Bella Vita Perfume,neutral,0.0
Price❤🎉🎉🎉,2025-12-19,YouTube,Bella Vita Perfume,positive,0.9062
Long lasting Kitne Hours Rahe Gii?,2025-12-07,YouTube,Bella Vita Perfume,neutral,0.0
Woww❤,2024-12-26,YouTube,Bella Vita Perfume,positive,0.6369
In how much you got it,2026-04-01,YouTube,Bella Vita Perfume,neutral,0.0
"mera paase bhi hai honey oud,ceo man,sky aquatic and date those  perfume are so beautiful fragrance I like it my personally favourite Honey oud and date😊😊😊😊😊😊",2026-05-24,YouTube,Bella Vita Perfume,positive,0.9915
White and black  hai mere pass 🎉,2025-09-12,YouTube,Bella Vita Perfume,positive,0.4019
With the help of this comment section I bought it today ❤,2026-04-15,YouTube,Bella Vita Perfume,positive,0.7845
Awesome ones ❤,2024-12-25,YouTube,Bella Vita Perfume,positive,0.8519
Online sa maga ya hai yarrr,2025-09-28,YouTube,Bella Vita Perfume,neutral,0.0
Prize kya h white wali ka ?,2026-03-25,YouTube,Bella Vita Perfume,positive,0.5106
White Wale k alaava sare bekar lge merko toh,2026-02-05,YouTube,Bella Vita Perfume,neutral,0.0
So nice ❤ perfume,2026-05-07,YouTube,Bella Vita Perfume,positive,0.8204
Maine to kal hi same ko lagaya tha mere dost ke pass hai😅😅😅😅,2026-02-23,YouTube,Bella Vita Perfume,positive,0.8402
Fresh unisex perfume smell like heaven ❤❤❤❤,2026-01-28,YouTube,Bella Vita Perfume,positive,0.9774
Iska. Price. Kya.  Ha. Sand  to. Me,2025-09-20,YouTube,Bella Vita Perfume,neutral,0.0
"HÁGAME EL FAVOR:
VALOR?
DÓNDE SE PUEDE CONSEGUIR?...
CUÁNTOS ML, TRAE...
GRACIAS...",2025-05-30,YouTube,Bella Vita Perfume,positive,0.4696
My name is 🍯honey❤😊😅,2025-11-03,YouTube,Bella Vita Perfume,positive,0.9136
Bhai inme luxury kyu nahi likha hai? 😅,2025-12-31,YouTube,Bella Vita Perfume,positive,0.3612
😊😊😊😊,2025-04-21,YouTube,Bella Vita Perfume,positive,0.9719
I used Fresh unisex❤❤😊,2026-05-24,YouTube,Bella Vita Perfume,positive,0.9493
Ceo man accha lagta hai mujhe sirf vhi leta hu har baar😂,2025-10-21,YouTube,Bella Vita Perfume,positive,0.4404
Oder link,2025-05-22,YouTube,Bella Vita Perfume,neutral,0.0
Ye mere pass bi he,2025-12-27,YouTube,Bella Vita Perfume,neutral,0.0
wow,2026-01-26,YouTube,Bella Vita Perfume,positive,0.5859
Orange 🍊  one always best,2025-04-23,YouTube,Bella Vita Perfume,positive,0.6369
Only 300,2026-02-02,YouTube,Bella Vita Perfume,neutral,0.0
Price 174,2026-05-05,YouTube,Bella Vita Perfume,neutral,0.0
I have the CEO man perfume from bella Vita,2025-09-10,YouTube,Bella Vita Perfume,neutral,0.0
Long lasting??,2025-03-21,YouTube,Bella Vita Perfume,neutral,0.0
Link,2026-04-26,YouTube,Bella Vita Perfume,neutral,0.0
full price,2025-05-18,YouTube,Bella Vita Perfume,neutral,0.0
Aisa mere pass perfume hai,2026-04-11,YouTube,Bella Vita Perfume,neutral,0.0
White oud 😊,2025-05-29,YouTube,Bella Vita Perfume,positive,0.7184
Ski best,2026-04-23,YouTube,Bella Vita Perfume,positive,0.6369
Alcohol free h,2025-08-18,YouTube,Bella Vita Perfume,positive,0.5106
girls' perfume hai ya boy,2025-05-04,YouTube,Bella Vita Perfume,neutral,0.0
Thanks for honest review😊,2025-12-16,YouTube,Bella Vita Perfume,positive,0.9042
My review both all are  nice but the two in purple colour are the best,2026-05-04,YouTube,Bella Vita Perfume,positive,0.8271
"If anyone is confused between the two, go for Date! Glam smells way too much like strong incense/attar, but Date is that perfect sweet, spicy vanilla scent that actually lasts!! ❤",2026-05-18,YouTube,Bella Vita Perfume,positive,0.9637
Bro rose is so goddamn good,2026-01-13,YouTube,Bella Vita Perfume,negative,-0.2054
Same,2026-02-02,YouTube,Bella Vita Perfume,neutral,0.0
Dekho Jo yah do kharab bata rahi hai vah meri mummy aur mere favourite hai,2026-02-09,YouTube,Bella Vita Perfume,neutral,0.0
Price?,2026-02-20,YouTube,Bella Vita Perfume,neutral,0.0
price pls,2026-05-26,YouTube,Bella Vita Perfume,positive,0.0772
"Only rose is good, another 3 worst",2026-06-04,YouTube,Bella Vita Perfume,negative,-0.296
Link?,2026-02-06,YouTube,Bella Vita Perfume,neutral,0.0
Glam is amazing,2026-05-08,YouTube,Bella Vita Perfume,positive,0.5859
This is amazing 😻,2023-07-16,YouTube,Bella Vita Perfume,positive,0.7783
This one is really good as compared to rest of all ..  and my husband love it,2025-06-25,YouTube,Bella Vita Perfume,positive,0.8122
"Date smells like cherry fruity, it's good. It doesn't last long, I don't even sweat a lot and it stays on my skin for maximum 3 hours",2025-04-27,YouTube,Bella Vita Perfume,positive,0.6597
"I have this- Date woman "".... it's fragrance is super- amazing & really long lasting 😊",2025-10-17,YouTube,Bella Vita Perfume,positive,0.9321
This is the best .... i also love dis and have dis one.,2025-06-11,YouTube,Bella Vita Perfume,positive,0.8555
"she left, her scent stayed.",2025-11-05,YouTube,Bella Vita Perfume,neutral,0.0
Date is honestly the best fragrance Bella Vita has ever made. The vanilla dry-down is so addictive!❤,2026-05-18,YouTube,Bella Vita Perfume,positive,0.9178
"I’ve got some really high end perfumes form Zara and other brands , liked this one the least but every other guy has complimented me for this one God knows why !😭",2025-12-21,YouTube,Bella Vita Perfume,positive,0.5255
I only biy UAE they got the best oils that last all day in there fragrances 😊 bella vita is India.,2025-08-03,YouTube,Bella Vita Perfume,positive,0.8807
Date and glam r my fav,2025-11-11,YouTube,Bella Vita Perfume,positive,0.4588
Bv date smells so good 💖 do you know any  perfumes which smell similar to it?,2025-10-22,YouTube,Bella Vita Perfume,positive,0.893
"Fruity,good, long lasting, but 6 out of10🙄..",2025-02-20,YouTube,Bella Vita Perfume,neutral,0.0
My daily perfume ❤,2026-01-20,YouTube,Bella Vita Perfume,positive,0.6369
What about mystic bloom? Iam thinking to purchase it but i am kinda comfused . Please review,2025-05-21,YouTube,Bella Vita Perfume,positive,0.3725
It is not long lasting but smells good,2025-09-24,YouTube,Bella Vita Perfume,positive,0.5927
"Hii, i like date women perfume. Any alternative perfume for man that exactly smells like date women perfume",2025-09-10,YouTube,Bella Vita Perfume,positive,0.6124
Bellavita blush is my favourite,2026-04-05,YouTube,Bella Vita Perfume,neutral,0.0
Where is the Bella vita store,2026-01-18,YouTube,Bella Vita Perfume,neutral,0.0
My friend uses it it's very seductive...,2026-05-11,YouTube,Bella Vita Perfume,positive,0.4939
Idk why...but i only liked the rose one...looks like i am the weird one 😭🤚,2025-12-30,YouTube,Bella Vita Perfume,positive,0.5106
Yakkk smelll very strongg smell,2025-07-20,YouTube,Bella Vita Perfume,neutral,0.0
❤,2025-08-14,YouTube,Bella Vita Perfume,positive,0.6369
"Can u pls explain the briefly as i am confused, I don’t like fruity smells i like strong smells more like aqua pls help me with these variants",2025-08-24,YouTube,Bella Vita Perfume,positive,0.9073
My sister use this perfume,2025-08-14,YouTube,Bella Vita Perfume,neutral,0.0
Many ppl are saying miniso's paradise moonlight is a dupe for this ......do u think these 2 have same fragrance,2026-04-14,YouTube,Bella Vita Perfume,positive,0.4019
"Ma’am, once the order is confirmed, how many days will it take for shipping, and within how many days will we receive the order from the Bella Vita website? kindly share the details",2026-02-14,YouTube,Bella Vita Perfume,positive,0.6597
I love this fragrance but it gives me a bad headache 😢so I can't use it,2026-06-01,YouTube,Bella Vita Perfume,negative,-0.8074
I have of 20 ml four bottles,2026-05-10,YouTube,Bella Vita Perfume,neutral,0.0
This smells like moshino  pink fresh ???????,2026-02-19,YouTube,Bella Vita Perfume,positive,0.6966
Ma'am how to purchase,2025-05-11,YouTube,Bella Vita Perfume,neutral,0.0
"MAY BE I GOT DUPLICATE1 BUT AFTER APPLYING THIS PERFUME I GOT HEADACHE ND ALMOST FAINTED .... THERE IS NO FLORAL SMELL IN THIS PERFUME ,COMPLETELY WASTE OF MONEY....!",2025-06-14,YouTube,Bella Vita Perfume,negative,-0.9105
Bella vita date or senorita which one is better?,2024-12-01,YouTube,Bella Vita Perfume,positive,0.4404
Please suggest me best perfume,2025-01-16,YouTube,Bella Vita Perfume,positive,0.7579
How much mony your perfume,2025-11-10,YouTube,Bella Vita Perfume,neutral,0.0
Wow 😯 khusboo ek no.1ese hi nahi famous hue,2026-05-26,YouTube,Bella Vita Perfume,positive,0.5859
I'm first time buying perfume ..can uh suggest ..i should go with...which perfume?,2025-09-01,YouTube,Bella Vita Perfume,neutral,0.0
"how is blush? is it better than date women??
bella vita blush perfume doesn't comes in mini, but cannot buy big bottle without smelling.
Really confused whether to buy Blush one or not?",2025-05-16,YouTube,Bella Vita Perfume,positive,0.6886
This is not long lasting because I have already finished this bottle yes smells very good but not lasting,2026-03-14,YouTube,Bella Vita Perfume,positive,0.4491
Is it strong ? As I have migraine,2026-04-25,YouTube,Bella Vita Perfume,positive,0.5106
Unisex perfume or both men and women,2025-03-17,YouTube,Bella Vita Perfume,neutral,0.0
Cost bhi btao please,2025-11-28,YouTube,Bella Vita Perfume,positive,0.3182
Is this similar to everything plum from plum goodness ?,2024-11-16,YouTube,Bella Vita Perfume,positive,0.4588
Nice try didi,2025-09-15,YouTube,Bella Vita Perfume,positive,0.4215
Now I am fully change my hrt completed within 5 month,2025-09-23,YouTube,Bella Vita Perfume,neutral,0.0
Is it unisex,2025-09-30,YouTube,Bella Vita Perfume,neutral,0.0
Link,2026-01-29,YouTube,Bella Vita Perfume,neutral,0.0
Price,2025-09-30,YouTube,Bella Vita Perfume,neutral,0.0
This For men or not 😅,2026-02-25,YouTube,Bella Vita Perfume,negative,-0.2755
This one does not last very long that’s a straight up lie,2025-12-24,YouTube,Bella Vita Perfume,positive,0.2263
From which store you bought this perfume?,2025-03-09,YouTube,Bella Vita Perfume,neutral,0.0
I love the honey oud too. Smells very expensive and is quite long lasting,2023-02-05,YouTube,Bella Vita Perfume,positive,0.6369
"Im using bella vita rose , glam , date and senorita women and all of them smells so heavenly and it's even long lasting
Date women is my favourite",2023-10-09,YouTube,Bella Vita Perfume,positive,0.7283
Just purchased date women and my gosh it smells like luxury ♥️,2024-05-11,YouTube,Bella Vita Perfume,positive,0.7717
Date is my favourite.......❤❤❤❤❤❤ I have used so many perfumes but never find my fav fragrance and DATE just melted my heart.... I love it and will love it forever❤❤❤❤,2024-08-26,YouTube,Bella Vita Perfume,positive,0.9956
"Gifted glam to my mother.. & it smells like an old poetry… like a floral garden…something classy,vintage & have that royalty vibes to it",2024-11-28,YouTube,Bella Vita Perfume,positive,0.6124
"I love the fresh unisex,it's such a sweet yet orchid type of smell,like vanilla mixed with it",2024-05-18,YouTube,Bella Vita Perfume,positive,0.8591
CEO man intense was very good long lasting and sweet and everyone notices it.,2024-08-19,YouTube,Bella Vita Perfume,positive,0.7574
I’m using Bellavita Date women and it smells like heaven 💜,2024-10-25,YouTube,Bella Vita Perfume,positive,0.875
I used so many types of bellavita... along them ...bellavita glam is first favourite...it smells like camphor somewhat like temple vibes... and bellavita date woman is my another favourite...its good for night outs and special dates ❤....,2025-08-07,YouTube,Bella Vita Perfume,positive,0.9261
"Ngl I just bought some bella vita perfumes for funzies, used them and they are so good especially glam ❤",2024-06-16,YouTube,Bella Vita Perfume,positive,0.8483
Bella vita glam and date is my fav I suggest you to try date also,2023-12-05,YouTube,Bella Vita Perfume,positive,0.4588
bellavita white oud. It's the best perfume recently l purchased a big pack of it. 👍🏻,2025-03-26,YouTube,Bella Vita Perfume,positive,0.802
I am using bella Vita luxury glam it's smell so good,2023-10-14,YouTube,Bella Vita Perfume,positive,0.5777
"Yes, Macy’s Sells Premium Labels Like Miu Miu and Gucci, Too — Our Editor Tests Out the Retailer’s Hottest Buys This Spring. Divorcing from its ""mall brand"" reputation, Macy's has doubled down on giving shoppers what they really want: luxury. Here's how to revamp your seasonal wardrobe with Macy's bestsellers.",2026-05-07,News,Bella Vita Perfume,positive,0.8016
I have migraine problem but engage yang and nykaa moi joi de vivre my favourite so far. I love them,2025-10-05,YouTube,Engage Perfume,positive,0.8572
Background song is so satisfying,2026-06-07,YouTube,Engage Perfume,positive,0.5949
"People who are saying it won't last, then you should go buy expensive perfume as this is the cheapest varient (which has 15-20% perfume oil, good brands use better quality of essential oil) and it depends on alot of things weather, where you live, how you are applying, if you sweat alot or not and how much you are applying. We want good stuff in minimum price which is not possible. Nothing a perfume can do in this.",2025-12-28,YouTube,Engage Perfume,positive,0.8402
My most favourite and most long lasting perfume ❤,2025-11-09,YouTube,Engage Perfume,positive,0.6369
My favourite Yang i love this perfume 🥰❤️❤️❤️❤️🤗,2025-07-05,YouTube,Engage Perfume,positive,0.936
I've this ..smell is nice but bot long lasting at all. Can someone recommend a unique fragrance,2026-04-24,YouTube,Engage Perfume,positive,0.631
I want to buy this can I get the link ?? And will I too get the mini one free ?,2025-07-24,YouTube,Engage Perfume,positive,0.6298
I bought it and they do not include the tester anymore and I'm soooo mad and sad about it 😭😭 good fragrance tho not too sweet a little musky as well ... New to it so can't say much about the lasting but so far I got it for 214rs so I'm kinda happy about it,2026-05-13,YouTube,Engage Perfume,positive,0.0987
I am interested,2025-01-16,YouTube,Engage Perfume,positive,0.4019
Where to get it What is the rate?,2026-06-04,YouTube,Engage Perfume,neutral,0.0
Super perfume 😊,2024-12-29,YouTube,Engage Perfume,positive,0.872
Nice perfume,2024-04-02,YouTube,Engage Perfume,positive,0.4215
Link,2025-09-26,YouTube,Engage Perfume,neutral,0.0
Price koto,2025-05-19,YouTube,Engage Perfume,neutral,0.0
Inka 100 ml 100 ml kyu nhi lgta h ?? Aaisa lgta h 50 ml ki bottle h 😭🥲,2026-04-18,YouTube,Engage Perfume,negative,-0.5362
Ata koto ML,2025-09-26,YouTube,Engage Perfume,neutral,0.0
Song name ?,2024-11-11,YouTube,Engage Perfume,neutral,0.0
"I purchased it, it's not good😢
It smells like cough syrup.Not floral or fruity",2025-09-30,YouTube,Engage Perfume,positive,0.3915
💯,2024-04-02,YouTube,Engage Perfume,neutral,0.0
Anybody asking for a reviews - its not good for migraine and the fragrance is not floral or fruity instead very sweet which i personally hate!!,2026-05-10,YouTube,Engage Perfume,negative,-0.5263
Link please,2025-07-24,YouTube,Engage Perfume,positive,0.3182
Ye online kaha per milega me bahot dhunda hu ise,2025-02-10,YouTube,Engage Perfume,neutral,0.0
"Do not buy , it's not worthy😊",2025-10-05,YouTube,Engage Perfume,negative,-0.223
Engage yang perfume ki smell kesi h jyda sweetness to nhi h ?,2024-04-11,YouTube,Engage Perfume,positive,0.6808
Kitna long lasting hai ?,2025-02-08,YouTube,Engage Perfume,neutral,0.0
Guys don't purchase it.... Maine mangwaya thap bahut hi bekar fragrance thi iski.... Abhi bhi aise hi pda h mere pass,2025-03-13,YouTube,Engage Perfume,neutral,0.0
"trust me when i say this, all the engage perfumes are terrible",2026-02-12,YouTube,Engage Perfume,positive,0.3818
It is a super good perfume... Loving unique smell.. I already used 3 bottles❤❤🎉,2025-02-01,YouTube,Engage Perfume,positive,0.9712
My favourite w2 i love this perfume 🥰❤️❤️❤️❤️❤️🥰🤗,2025-07-05,YouTube,Engage Perfume,positive,0.9705
Waw NAIC parfum may fevret,2025-04-24,YouTube,Engage Perfume,neutral,0.0
Yes...I use bath body works..but as compared... engage jyada long lasting hai..love the fregrence..W1&W2❤❤❤❤❤,2026-05-18,YouTube,Engage Perfume,positive,0.9761
I love this perfume ❤❤❤,2026-02-18,YouTube,Engage Perfume,positive,0.9571
Don't buy this perfume might last long but smells like sweet oil which might be ok in air but extremely synthetic and unpleasant while sniffing.instead go for engage m1 or 2,2025-03-12,YouTube,Engage Perfume,positive,0.8227
Well it's a really strong perfume with a very sweet fragrance and smells a little alcoholic so not a fan but it's long lasting,2025-03-05,YouTube,Engage Perfume,positive,0.5236
Engage Sweet blossom poket perfume and is it same?,2025-09-17,YouTube,Engage Perfume,positive,0.6597
The new engage w2 floral fruity is the same or not ?,2025-07-28,YouTube,Engage Perfume,positive,0.34
I don’t like it at all it is smelling like smoky thing it is very bad,2025-02-22,YouTube,Engage Perfume,positive,0.0534
Is it mild fragrance?,2024-11-10,YouTube,Engage Perfume,neutral,0.0
Does it gives me headache 🤯,2025-02-06,YouTube,Engage Perfume,neutral,0.0
Light h n yaa hard,2025-10-03,YouTube,Engage Perfume,negative,-0.1027
To be honest It doesn't long last nad fades away very quickly,2025-02-05,YouTube,Engage Perfume,positive,0.5106
How many hours it will stay?,2024-12-28,YouTube,Engage Perfume,neutral,0.0
Not Good perfume,2025-08-09,YouTube,Engage Perfume,negative,-0.3412
Ye boy keliye ya girl keliye please batao,2025-09-29,YouTube,Engage Perfume,positive,0.3182
"Not good, 👎🏻",2025-09-26,YouTube,Engage Perfume,negative,-0.3412
Bekar wahiyat bhut strong h,2025-10-28,YouTube,Engage Perfume,positive,0.5106
Price,2025-04-30,YouTube,Engage Perfume,neutral,0.0
How much ml,2025-11-01,YouTube,Engage Perfume,neutral,0.0
Nice,2025-09-27,YouTube,Engage Perfume,positive,0.4215
Fully worth h .,2025-09-08,YouTube,Engage Perfume,positive,0.2944
Good,2025-05-15,YouTube,Engage Perfume,positive,0.4404
Can this cause headache?,2026-05-03,YouTube,Engage Perfume,neutral,0.0
Price,2025-09-07,YouTube,Engage Perfume,neutral,0.0
"I think you should try some other wing styles, this one makes your eyes look small, just a suggestion.",2026-06-07,YouTube,Engage Perfume,neutral,0.0
I loved yang and femme from engage red color gift set for women,2026-05-24,YouTube,Engage Perfume,positive,0.8481
Mujhe bhi aise hi gift set mila tha but women wale the sare  or sab mese mujhe yang and femme acha lga,2026-02-02,YouTube,Engage Perfume,positive,0.2382
Kuch hum boys ke liye bhi batao perfume but jayada mehnga nhi😅😊😊,2025-09-23,YouTube,Engage Perfume,positive,0.965
Homme is good for men and i liked it as a woman,2026-02-17,YouTube,Engage Perfume,positive,0.6908
They are good but don’t last long though,2026-05-24,YouTube,Engage Perfume,positive,0.2382
❤,2025-09-22,YouTube,Engage Perfume,positive,0.6369
❤❤,2025-09-23,YouTube,Engage Perfume,positive,0.8555
I have the same set,2025-09-21,YouTube,Engage Perfume,neutral,0.0
😊😊😍😍,2025-09-25,YouTube,Engage Perfume,positive,0.9517
🌸🌸🌸,2025-09-24,YouTube,Engage Perfume,neutral,0.0
Kisiko v b day gift kardo 🤭😄,2025-09-21,YouTube,Engage Perfume,positive,0.891
Nice 🎉❤,2025-09-18,YouTube,Engage Perfume,positive,0.8658
faltu hai deo mat lena,2026-03-02,YouTube,Engage Perfume,neutral,0.0
Super,2023-11-07,YouTube,Engage Perfume,positive,0.5994
Cool marine💯💯💯,2025-12-28,YouTube,Engage Perfume,positive,0.3182
❤❤❤❤❤,2025-08-30,YouTube,Engage Perfume,positive,0.9719
Bhaya bade waale Or pocket perfume ki fragrance alag alag hoti he yaa sem he please batao🙏,2023-01-04,YouTube,Engage Perfume,positive,0.3182
Bada wla milega eska?,2023-06-26,YouTube,Engage Perfume,neutral,0.0
Engage ❤🎉,2026-02-20,YouTube,Engage Perfume,positive,0.8519
Bhai Mt lena ye bht bekaar smell h 1st vale me,2023-05-08,YouTube,Engage Perfume,neutral,0.0
Online order Pardeep Ke liye 1 send,2024-01-23,YouTube,Engage Perfume,neutral,0.0
Price koto,2025-08-16,YouTube,Engage Perfume,neutral,0.0
Men women vale inhi perfumes me koi frk h kya,2024-10-01,YouTube,Engage Perfume,neutral,0.0
"Body ya clothes , kha use kre",2025-11-08,YouTube,Engage Perfume,neutral,0.0
Kaha milega,2024-01-24,YouTube,Engage Perfume,neutral,0.0
85% alcohol,2024-04-07,YouTube,Engage Perfume,neutral,0.0
Kaun saa sab se aacha hai isme se,2024-07-24,YouTube,Engage Perfume,neutral,0.0
Wild is the best pocket perfume in india and bangladesh,2024-10-10,YouTube,Engage Perfume,positive,0.6369
Is it perfume or deo,2024-09-23,YouTube,Engage Perfume,neutral,0.0
Price kitna,2023-04-08,YouTube,Engage Perfume,neutral,0.0
Nice product 😊,2025-09-29,YouTube,Engage Perfume,positive,0.8316
Nice perfume 👍👍👍👍,2025-09-30,YouTube,Engage Perfume,positive,0.4215
इसमे सब से बेस्ट कौन सा है,2024-08-27,YouTube,Engage Perfume,neutral,0.0
Kaha se order kiye the?,2024-09-03,YouTube,Engage Perfume,neutral,0.0
Mene to bass 459 ruppes me liya 😅,2025-02-14,YouTube,Engage Perfume,positive,0.3612
Bhai homme or amber who is best??,2026-04-26,YouTube,Engage Perfume,positive,0.6767
Maina ye mera bf ke liya lia mujha itna accha laga ki maina khud ke liya bhi manga liya 🤣,2025-05-28,YouTube,Engage Perfume,positive,0.4939
Is it worth buying?,2026-02-14,YouTube,Engage Perfume,positive,0.2263
Bhai in sb m best ka hai vo btao or long lasting h ya nhi,2026-02-26,YouTube,Engage Perfume,positive,0.6369
"Online Kaha per mile ga , mene bahot dhunda mujhe nhi mila 😢",2025-02-10,YouTube,Engage Perfume,negative,-0.4767
They are really good but not long lasting,2025-07-29,YouTube,Engage Perfume,positive,0.2724
"Too expensive, the 100 ml bottle is like 380-400",2025-05-31,YouTube,Engage Perfume,positive,0.3612
Yar mujhe bhi lena hai kha se le sakte hai😮,2025-09-02,YouTube,Engage Perfume,neutral,0.0
Bhai honestly batao kitna long lasting hai,2024-12-07,YouTube,Engage Perfume,positive,0.4588
Kaisa hai ye le skate hai,2025-11-03,YouTube,Engage Perfume,neutral,0.0
Sach batao kaisa hai ye,2025-11-03,YouTube,Engage Perfume,neutral,0.0
Kitna long last he bro?,2024-03-29,YouTube,Engage Perfume,neutral,0.0
Abe ladki hai kya tu,2026-03-12,YouTube,Engage Perfume,neutral,0.0
Beardo godfather ❤,2025-05-24,YouTube,Engage Perfume,positive,0.6369
It is chandan wala koi factor hai isme... I mean chandan smell or something,2026-05-08,YouTube,Engage Perfume,neutral,0.0
How is this perfume for gym sessions? For slightly winter evening gym sessions .,2025-07-01,YouTube,Engage Perfume,neutral,0.0
Room pura  khujbo se aur aj pass logoko pata solne  wala parfum bata do Bhai please ❤,2025-07-24,YouTube,Engage Perfume,positive,0.7579
it smells kind of like all out,2025-05-27,YouTube,Engage Perfume,positive,0.2975
❤❤❤,2025-05-22,YouTube,Engage Perfume,positive,0.9274
Can you suggest some good white floral fragrances?,2025-05-23,YouTube,Engage Perfume,positive,0.4404
how longg does the first one last,2026-04-07,YouTube,Engage Perfume,neutral,0.0
😊😊,2025-05-22,YouTube,Engage Perfume,positive,0.9001
Is bbw luminous and calypso clementine worth buying ? Also can you pls do a review on ajmal neea perfume,2025-06-01,YouTube,Engage Perfume,positive,0.296
Where did you get the Engage lamante for her perfume from???,2025-09-06,YouTube,Engage Perfume,positive,0.4479
Can anyone suggest me mild floral perfume,2025-09-14,YouTube,Engage Perfume,neutral,0.0
Any of them with sweet light fragrance  ??,2025-09-21,YouTube,Engage Perfume,positive,0.5204
Which one is go good for super feminine vibe and has  sweet and floral not?,2025-10-14,YouTube,Engage Perfume,positive,0.8689
Can you pls give a dupe of victoria secret pure seduction,2025-05-30,YouTube,Engage Perfume,negative,-0.296
"Anything like cupcakes, vanilla ? Among these",2025-07-12,YouTube,Engage Perfume,positive,0.3612
😊😊😊😊,2025-05-22,YouTube,Engage Perfume,positive,0.9719
Yang is top and Fantasia is avg.. others are not good,2026-03-22,YouTube,Engage Perfume,negative,-0.1546
Any unisex and appropriate for school ?,2025-08-12,YouTube,Engage Perfume,neutral,0.0
First perfume link please 🙏🏻,2025-05-23,YouTube,Engage Perfume,positive,0.3182
"Di i waiting for your reply.....whats the best from all of this cause i have sensetive nose and vomiting migraine problem on public transport and i want to use a mild scented citrusy, floral long lasting....spicy type perfume not over sweetnesss in it but lit'le bit ok and though its floral this option must be..... feel like luxurious for everyday college and its be a alrounder like birthday party or any event......plz suggest plz di......",2025-07-10,YouTube,Engage Perfume,positive,0.9349
Verona smells a lot like butterfly by bbw,2025-05-22,YouTube,Engage Perfume,positive,0.3612
I find the bodymists better😂❤,2025-05-22,YouTube,Engage Perfume,positive,0.875
"Which one is the citrus , fruity smell?",2026-01-02,YouTube,Engage Perfume,neutral,0.0
Is this Lamante Intensity or Lamante Sunkissed?,2025-10-27,YouTube,Engage Perfume,neutral,0.0
Any two strong recommendations among these?,2025-05-23,YouTube,Engage Perfume,positive,0.5106
"which of these is a spicy sexy and aquatic fresh type of fragrance so that it doesn't feel heavy on head and also feels elegant and feminine and fresh , like aqua ones which one can it be from these",2025-09-25,YouTube,Engage Perfume,positive,0.9118
Anything that has top notes of lemon and freshness?,2025-09-08,YouTube,Engage Perfume,positive,0.2023
Is this elkohal free ?,2025-11-12,YouTube,Engage Perfume,positive,0.5106
Is first one has strong smell??,2025-09-21,YouTube,Engage Perfume,positive,0.5661
I have yang and its smell so bad the Jasmine note is so overpowering like toffee comes much later I didn't like it!,2026-05-21,YouTube,Engage Perfume,negative,-0.6267
But they don't last😢,2025-07-29,YouTube,Engage Perfume,positive,0.5157
Engage w1 kesa h..???,2025-08-04,YouTube,Engage Perfume,positive,0.4479
❤❤,2025-05-22,YouTube,Engage Perfume,positive,0.8555
I love this perfume ❤,2025-10-22,YouTube,Engage Perfume,positive,0.8555
Cutie pie 😍,2026-01-19,YouTube,Engage Perfume,positive,0.6705
"Police seize fake guns, vapes, and perfumes from van bound for Appleby Horse Fair as thousands flock to first day of Europe's largest traveller gathering. The vehicle was stopped in Appleby on its way to the Trading Fields on the site's Fair Hill, Cumbria Police and Westmorland and Furness Trading Standards said.",2026-06-04,News,Engage Perfume,negative,-0.1027
"Woman who was part of all-girl gang dubbed the 'Spice Girls' is spared jail for shoplifting spree. Nadia Pecco, 47, pleaded guilty to four counts of theft from a shops across Westminster, Stratford, Fulham, and Essex, over the course of just over a year at Westminster Magistrates Court.",2026-06-02,News,Engage Perfume,negative,-0.4215
"Show HN: Simple news aggregator with source bias meters. Article URL: https://unbiasthenews.com
Comments URL: https://news.ycombinator.com/item?id=48327194
Points: 2
# Comments: 0",2026-05-29,News,Engage Perfume,negative,-0.1027
"Maria Elena Milagro De Hoyos, The Woman Whose Corpse Was Exhumed By A Man Who Was Obsessed With Her. After her death from tuberculosis in 1931, Maria Elena Milagro de Hoyos' body was taken from her tomb by Carl Tanzler, who covered her decaying flesh with silk and wax and slept next to her body for the next seven years.
The post Maria Elena Milagro De Hoyos,…",2026-05-28,News,Engage Perfume,negative,-0.9001
"The giveaway signs YOUR loved one is on drugs: From cocaine, ketamine, ecstasy and even magic mushrooms - these are the telltale clues in someone's eyes, behaviour and toilet habits. With around three million people in the UK admitting they took illegal drugs in the past year, it's clear that drug-use is becoming ever more normalised.",2026-05-21,News,Engage Perfume,positive,0.7783
"Aerchitect Launches Three-State Nervous System Fragrance Line. Vancouver, BC, May 21, 2026 (GLOBE NEWSWIRE) -- Aerchitect, a new functional fragrance brand founded by designer and strategist Sarah Phillips, has launched a line of three nervous system mists designed to deliver near-immediate, portable state shifts using t…",2026-05-21,News,Engage Perfume,negative,-0.4019
"EXCLUSIVE: Jean Paul Gaultier Launches High-end Fragrance Collection. Under Puig, Jean Paul Gaultier is launching the Les Ateliers Gaultier high-end fragrance collection, a nod to the fashion brand’s couture side.",2026-05-20,News,Engage Perfume,positive,0.3034
"‘Avedon’ Review: Ron Howard’s Admiring Profile of Richard Avedon. The film, premiering in Cannes, explores an influential body of work that ranges from visionary magazine spreads to Madison Avenue perfume campaigns to social commentary.",2026-05-17,News,Engage Perfume,positive,0.836
Betty and Fred’s Story: Building a Life Together – Christmas Day 1943. ,2026-05-17,News,Engage Perfume,neutral,0.0
"The most beautiful new museums in the world named in the prestigious Prix Versailles awards - including a unique cultural centre just an £18 flight away. The 2026 Prix Versailles has crowned seven new 'most beautiful' museums from around the globe for the World Architecture and Design Award, prioritising architecture that tells a story.",2026-05-15,News,Engage Perfume,positive,0.9421
"The most beautiful new museums in the world named in the prestigious Prix Versailles awards - including a unique cultural centre just an £18 flight away. The 2026 Prix Versailles has crowned seven new 'most beautiful' museums from around the globe for the World Architecture and Design Award, prioritising architecture that tells a story.",2026-05-15,News,Engage Perfume,positive,0.9421
"Genius Dog Launches the First Pet Subscription Box Designed to Transform Pet Lifestyle. The new monthly subscription service lets pets paint, sip Pawse, and celebrate like humans – turning everyday dog ownership into a stylish, intentional lifestyle. SAN FRANCISCO, May 12, 2026 /PRNewswire/ -- Today marks the official launch of Genius Dog, the p…",2026-05-12,News,Engage Perfume,positive,0.7351
"Sarah Ferguson's secret 'friends with benefits' relationship with P. Diddy: It lasted for years, now ANDREW LOWNIE reveals illicit trysts with 'bad boy' rapper that'll have world agog. The reckoning for Andrew and Sarah came much sooner than the Royal Family, the media or the public expected.",2026-05-08,News,Engage Perfume,positive,0.6249
"Sarah Ferguson's secret 'friends with benefits' relationship with P. Diddy: It lasted for years, now ANDREW LOWNIE reveals illicit trysts with 'bad boy' rapper that'll have world agog. The reckoning for Andrew and Sarah came much sooner than the Royal Family, the media or the public expected.",2026-05-08,News,Engage Perfume,positive,0.6249
"buying links

fogg xtremo
https://amzn.to/3gUWTuQ
fogg impressio
https://amzn.to/3EV16Xi
fogg intensio
https://amzn.to/3Vs2tUi
fogg xpressio
https://amzn.to/3HdmGJc

Equipment I use for my videos
Mic
https://amzn.to/3Hdgq4a
Lights
Without Stand
https://amzn.to/3VrClJq
with stand
https://amzn.to/3VJ1pet
DSLR Tripod
https://amzn.to/3XPwI9k",2022-12-02,YouTube,Fogg Perfume,neutral,0.0
Xpressio bhi accha hai dur rehne jaise itni bhi buri smell nhi hai uski .. anyway smell choice is subjective.,2023-10-13,YouTube,Fogg Perfume,neutral,0.0
"Apne jisse door rahne ko kaha vahi sabse better lagta hai mujhe , Fogg xpresio ki kya smell hai mene saare try kiye hai but sabse jyada attractive smell Fogg xpresio ki lagi hai",2024-08-17,YouTube,Fogg Perfume,positive,0.7003
"For summer fragnance Use FOG ABSOLUTE. 4 spray lemon 🍋 vibe ,
8 - 9 spray orangy 🍊 fragnance .",2023-12-26,YouTube,Fogg Perfume,neutral,0.0
Xpresso mai use karta hu aur mera one of the favourite hai must try,2024-10-14,YouTube,Fogg Perfume,neutral,0.0
Fogg Intense Aromatic is best for my personality!!!!,2025-02-02,YouTube,Fogg Perfume,positive,0.7696
"Fogg CZAR, always amazing ❤️‍🔥",2024-05-29,YouTube,Fogg Perfume,positive,0.34
Fogg perfume ka new range  review karo plz.,2022-11-14,YouTube,Fogg Perfume,positive,0.0772
The Lavender colour Fogg Expressio is the best one out there because it Is a fruity Perfume. Others smell cheap,2025-05-17,YouTube,Fogg Perfume,positive,0.6369
Xpressio is the best.I get more compliments using it.,2023-10-09,YouTube,Fogg Perfume,positive,0.4576
"I don't love Perfumes a lot I mean I use perfumes but mostly I prefer Attar because of 100 Percent perfume oil,smells good,affordable,long lasting.",2025-07-12,YouTube,Fogg Perfume,negative,-0.2924
Fogg intesio k top note m lemongrass h jo ki room freshner m use hota h. Body p lgane layak fragrance nhi h. Muje bahut zyda negative compliment mile. Mere 350 rs waste ho gae . Now i use it as a room freshner. Impressio is way better,2023-01-10,YouTube,Fogg Perfume,positive,0.0772
Fogg is iconic! Try Relaxura Botanical Roll-On for a fresh botanical twist on perfumery 🌿,2025-12-18,YouTube,Fogg Perfume,positive,0.3802
Xtremo is the goat a few years back when I was going on a date surprisingly a random guy at the traffic complimented and asked which perfume was it my date liked it too😁,2025-12-03,YouTube,Fogg Perfume,positive,0.8689
I like impressio and Xpressio 💙❤️,2026-01-02,YouTube,Fogg Perfume,positive,0.7717
Fogg tuxedo kaisa h??,2022-11-14,YouTube,Fogg Perfume,neutral,0.0
Sir app bhot achabse explain krtai hai and you style is awesome,2022-11-16,YouTube,Fogg Perfume,positive,0.6249
Sach me fogg expresso ke bhouth meethe aur intense spell hai sir dard hota hai lgane me,2023-06-30,YouTube,Fogg Perfume,positive,0.0772
No it's my honest review... After using xpressio for some days.. Now i am addicted to it very much 😅❤ it's the best perfume i just can't stay without smelling it's fragrance very often 😍😌💯,2025-09-20,YouTube,Fogg Perfume,positive,0.9593
Been using Xtremo for last 9 years,2026-03-08,YouTube,Fogg Perfume,neutral,0.0
Ap jo bol rahe ho mujhe toh uska ulta hi laga.. sabse bakwas black laga phir green wala phir blue wala. Mast hai. Aur aakhir me expressio jo kamaal ke hai aur magical fragrance hai😅 tumhare channel mere liye bharose layek nahi hai😂,2025-11-17,YouTube,Fogg Perfume,positive,0.6597
Dude Fogg xpressio is the best,2024-08-27,YouTube,Fogg Perfume,positive,0.6369
Shreyansh / woody oud perfume 50ml 500rs,2024-08-05,YouTube,Fogg Perfume,neutral,0.0
Fogg midnight kaisa ha?,2024-12-01,YouTube,Fogg Perfume,neutral,0.0
"Bhai Fogg ka extremo hi sabse best hai 
Maine 2nd bar order kiya hai really nice perfume..ur genius 🙏",2022-11-20,YouTube,Fogg Perfume,positive,0.807
bro Fogg extremo cedar kesa hai?,2023-04-22,YouTube,Fogg Perfume,neutral,0.0
These all are synthetic perfumes I tried Fogg Trump that is resemblances Invictus but 100 nose burning juice.,2025-11-01,YouTube,Fogg Perfume,neutral,0.0
Fogg ka Trump bhi kaafi acha he aquatic notes wala,2023-09-03,YouTube,Fogg Perfume,neutral,0.0
Isse dur he rhna hai 😂,2023-10-08,YouTube,Fogg Perfume,positive,0.4404
Park avenue ya wild stone ya fogg which is the best?,2024-09-22,YouTube,Fogg Perfume,positive,0.6369
Bhai in me konsa perfume har ek ocassion mein laga sakte hai?,2022-12-04,YouTube,Fogg Perfume,neutral,0.0
Konsa konse season me lagana he?,2024-05-16,YouTube,Fogg Perfume,neutral,0.0
Bhai non synthetic achi projection wali batao under 500,2023-02-02,YouTube,Fogg Perfume,neutral,0.0
Bhai yaar main bhi fog extremo use kar ..best perfume I have ever got ...❤❤,2024-02-07,YouTube,Fogg Perfume,positive,0.9274
Bhai summer k liye konsa fogg lena chahiye,2023-05-21,YouTube,Fogg Perfume,neutral,0.0
fogg xtremo is so nice,2023-07-19,YouTube,Fogg Perfume,positive,0.5598
Fogg CZAR bhi try karlo,2022-12-31,YouTube,Fogg Perfume,neutral,0.0
Bhai blue bhi bahot Accha he mene use kiya hu👍🏻,2026-02-22,YouTube,Fogg Perfume,neutral,0.0
Bro Which notes are there in Xtremo ?😊,2023-06-06,YouTube,Fogg Perfume,positive,0.7184
Husband ko anniversary me konsa perfume gift kara?,2025-09-13,YouTube,Fogg Perfume,positive,0.4404
Fogg Tycoon ❤,2025-07-26,YouTube,Fogg Perfume,positive,0.6369
Xtremo kya beast mode hay?,2023-01-30,YouTube,Fogg Perfume,neutral,0.0
Great sir,2023-05-22,YouTube,Fogg Perfume,positive,0.6249
Fogg expressio superb ❤,2024-12-07,YouTube,Fogg Perfume,positive,0.8519
More video sir is type ke budget ke purfume ko lekar.....,2022-11-15,YouTube,Fogg Perfume,neutral,0.0
Fogg zcar is the best try it out,2026-01-05,YouTube,Fogg Perfume,positive,0.6369
Kiski sugandh se aatma aati hain please bataiyein❤❤❤,2025-05-03,YouTube,Fogg Perfume,positive,0.9423
"Oriyntal extreme 
        is good",2024-12-11,YouTube,Fogg Perfume,positive,0.4902
राधे राधे 🙏😊,2026-01-06,YouTube,Fogg Perfume,positive,0.7184
Sir intensio or impressio konsa lena chahiye ?,2022-11-16,YouTube,Fogg Perfume,neutral,0.0
2nd like 👍 and hype done....Nice and honest review 👍✌️😊,2025-10-25,YouTube,Fogg Perfume,positive,0.8957
Aj he maine liya mast perfume hai fully recommended,2026-02-02,YouTube,Fogg Perfume,positive,0.2716
I’m in for this perfume giveaway 💫 आपके content की तरह आपकी perfume choice भी rare और classy है!❤,2025-10-25,YouTube,Fogg Perfume,positive,0.7574
"I love your reviews, honest and budget friendly perfume choices.",2025-10-26,YouTube,Fogg Perfume,positive,0.8934
Sir aapka review video bohot accha hai..Love from Tripura,2025-10-31,YouTube,Fogg Perfume,neutral,0.0
Bahut Badhiya Sir Ji Thank For This Big Giveaway ❤❤,2025-10-25,YouTube,Fogg Perfume,positive,0.8979
Sir plz select my name mai bahut din s intezar kr rha tha giveaway ka 😢❤❤,2025-10-27,YouTube,Fogg Perfume,positive,0.765
Well done sir❤,2025-10-26,YouTube,Fogg Perfume,positive,0.743
Sir I am the honest subscriber of your channel and iam committed in your video plz select my name for this ❤❤❤,2025-10-26,YouTube,Fogg Perfume,positive,0.9601
Hello Rajesh ji apka video dekha..  ek bahana tha kumaoni song... And many more.. ap kafi handsome the... Ab bhi ho ❤❤❤,2025-11-07,YouTube,Fogg Perfume,positive,0.9521
Sar Maine har step ko follow kar liya hai aur Maine sare shorts per aapke comment kiya hai aur video per bhi comment Kiya Hai love from Ranchi❤❤❤❤ jharkhand,2025-10-26,YouTube,Fogg Perfume,positive,0.9719
Please do review on la french & og luxury perfumes,2025-10-25,YouTube,Fogg Perfume,positive,0.3182
"Thanks for the review, mujhe bahut baar iske blue and green bhi offer me dikhte hai lekin price ko dekhkar thoda doubt tha ke lu ya nahi, lekin ab next deal me pakka kharid lunga.
Btw I'm also in for a giveaway 😁😃",2025-10-26,YouTube,Fogg Perfume,positive,0.7096
"Thanks for sharing about this awesome perfume bade bhai . 
Will add this to my winter perfume collection . 
Needed your review about lattafa najdia and its flankers , and any other suggestion same price budget .
Needed good one for coming summer . Lattafa asad is also just 500rs costly please compare them if possible .
Best blessings for you and family .",2025-10-25,YouTube,Fogg Perfume,positive,0.9694
"Sir, projection batate samay please kitni door tak projection  rahega ye bhi bataya kijiye. 

Aap ke reviews mein hamesha dekhta hoon and they are also amazing.",2025-10-25,YouTube,Fogg Perfume,positive,0.7269
Sir naso house ki arora try kijiye maza nahi aya to boliyega.,2025-10-26,YouTube,Fogg Perfume,neutral,0.0
Wow,2025-10-25,YouTube,Fogg Perfume,positive,0.5859
Sir thank you ☺️ for alternate perfume k liye 🎉,2025-10-25,YouTube,Fogg Perfume,positive,0.802
❤,2025-11-02,YouTube,Fogg Perfume,positive,0.6369
Sir hamko v bhej dayo👌🙏,2026-04-28,YouTube,Fogg Perfume,positive,0.7297
Bhai pls giveway for me im best subscriber of you last 6months i love your videos and honesty of reviews❤❤❤,2025-10-26,YouTube,Fogg Perfume,positive,0.9788
it mosly smells like woodly and makeup powder 80%,2025-12-29,YouTube,Fogg Perfume,positive,0.3612
Teasted,2025-10-26,YouTube,Fogg Perfume,neutral,0.0
Agn race 18 perfume review😊😊😊,2025-10-26,YouTube,Fogg Perfume,positive,0.9517
Please fogg master per bhi video lao especially royal intense ❤❤,2025-10-25,YouTube,Fogg Perfume,positive,0.9058
But this perfume is not long lasting,2025-10-26,YouTube,Fogg Perfume,neutral,0.0
can you please review tibaarperfumes?,2025-10-25,YouTube,Fogg Perfume,positive,0.3182
Sir isi ka ek fresh citrus bhi hai uska bhi review kar dijiye❤❤,2025-10-28,YouTube,Fogg Perfume,positive,0.8934
Hlo bhaiya Mere ko give away kar dijiye yeee wala... Plz,2025-10-27,YouTube,Fogg Perfume,positive,0.0772
Konse video per comment karna hai give away ke leye,2025-10-26,YouTube,Fogg Perfume,neutral,0.0
मुझको भी देदो यार ये वाला perfume plz प्ल्ज़,2025-10-27,YouTube,Fogg Perfume,positive,0.0772
Sir isme se fresh fouguure lun ya. Yeh wala???,2025-10-27,YouTube,Fogg Perfume,positive,0.4291
"Perfume bottle badhte jayenge, shirts bhi badhta jayega.",2025-10-26,YouTube,Fogg Perfume,neutral,0.0
Sir ye perfume ki bottle plastic ki ya glass ki hey?,2025-10-25,YouTube,Fogg Perfume,neutral,0.0
Yeeeeeeee❤😅,2025-10-27,YouTube,Fogg Perfume,positive,0.7717
"Sir mere pass menswork ka bourbon vanila hai but isko marriage n date party k liye best hai it is to good

But  koi aisa perfume batao jo winter me daily use me casually aur office me bhi use ho ske hai under 1000 pls btana",2025-10-27,YouTube,Fogg Perfume,positive,0.9493
Me,2025-10-27,YouTube,Fogg Perfume,neutral,0.0
U r so much bowring with waisting time of viewers.,2026-01-24,YouTube,Fogg Perfume,neutral,0.0
Video start 4:03,2025-11-09,YouTube,Fogg Perfume,neutral,0.0
"I Don't sell perfumes.

Don't buy international perfumes from regular online stores like Ama and flip. there are much chances of fakes in international perfumes. In case of cheap local perfumes like fogg, you can use below links. but don't use these sites for international fragrances. I have given link of a trusted seller for international perfumes in end of this description,
Fogg perfumes link
Oriental Extreme
https://amzn.to/3Iem5a7
Wood Extreme
https://amzn.to/455s6jd
Oud Extreme
https://amzn.to/3pNPEsI
Amber Extreme
https://amzn.to/3WjhER5

For other international and middle eastern perfumes I prefer below seller for buying premium fragrances which I found cheapest and genuine.

https://www.aarfragrances.com/

You can also try small decants or samples below as I found these genuine.
https://www.aarfragrances.com/category/decantssamples

Don't forget to follow me on Insta
https://www.instagram.com/rahulsidwan

#perfumes #perfume #india #cheapest #budget #inexpensive #fragrance #fragrances #mensfashion",2023-05-17,YouTube,Fogg Perfume,positive,0.7992
Rahul bhai thanks for the video. You do listen to your viewers!! ❤,2023-05-18,YouTube,Fogg Perfume,positive,0.8264
Hum first hum first ❤,2023-05-17,YouTube,Fogg Perfume,positive,0.6369
Wood Extreme is a good cheap perfume. I can smell Oak moss and Patchouli in the dry down.,2024-07-31,YouTube,Fogg Perfume,positive,0.4877
Banda 100 taka sach bolta he bhai ❤️,2023-05-17,YouTube,Fogg Perfume,neutral,0.0
Please update a review of Beardo's MARINER,2023-05-19,YouTube,Fogg Perfume,positive,0.3182
Great video as always 👌🏻,2023-05-18,YouTube,Fogg Perfume,positive,0.8816
"Bhai,
FOGG
 impressio,expressio,extremo,tycoon,DAZZLE leke video banao❤❤",2023-05-22,YouTube,Fogg Perfume,positive,0.8555
Sandalwood fragrance kuch suggest kijiye,2023-05-17,YouTube,Fogg Perfume,neutral,0.0
Hi bro Body cupid and Renee pe video banaaye please.,2023-05-17,YouTube,Fogg Perfume,positive,0.3182
Oriental Extreme is a smell alike of Paco Rabbane Black XS,2024-08-30,YouTube,Fogg Perfume,neutral,0.0
Bhai plz roadster perfume pe bnao video konsa best hai plz plz plz bro,2023-05-17,YouTube,Fogg Perfume,positive,0.7506
Sir Time Stamp bhi daala karo detail main.,2023-05-22,YouTube,Fogg Perfume,neutral,0.0
Bhai najdia tribute ko jraa tribute kro plz 🎉  means review bnaao😊,2023-05-17,YouTube,Fogg Perfume,positive,0.8402
Great video! Please try  to review Arabian aroma perfumes. They also produce clones !,2023-05-17,YouTube,Fogg Perfume,positive,0.7896
Tumhara video bohot accha lagta hai vai 👌,2023-05-17,YouTube,Fogg Perfume,positive,0.7297
Bhai please ak noticable perfume bta do budget main please request,2025-07-12,YouTube,Fogg Perfume,positive,0.5574
Sir please review saba perfumes neroli extreme which is a flanker of tom ford neroli and it is priced at 1000 for 50ml which is expensive for a flanker,2023-05-18,YouTube,Fogg Perfume,positive,0.3182
Good review 👍🏻,2023-05-17,YouTube,Fogg Perfume,positive,0.4404
Bombay shaving company Cairo perfume review kro bhai,2023-05-17,YouTube,Fogg Perfume,neutral,0.0
CFS original certified black pour Homme ka review karo,2023-05-17,YouTube,Fogg Perfume,positive,0.3182
"Bro I have black xpressio  
And behind the bottle EAU DE PARFUM is written 
Is it real fogg  perfume?",2025-10-10,YouTube,Fogg Perfume,neutral,0.0
Bhai orginal designer perfume ke decan ke liye koi genuine website konsi hai?,2023-05-17,YouTube,Fogg Perfume,neutral,0.0
"SIR  , today i recieved Lataffa ameer al oud intence ,.. and lataffa  oud mood ..",2023-05-17,YouTube,Fogg Perfume,neutral,0.0
thank you,2023-05-17,YouTube,Fogg Perfume,positive,0.3612
Plz review park Avenue Elevate body perfume,2023-05-17,YouTube,Fogg Perfume,positive,0.0772
I am looking for summer fragrance from fogg,2024-08-12,YouTube,Fogg Perfume,neutral,0.0
Bhaiya please BEARDO WHISKY SMOKE SINGLE MALT pe ek video bana do ❤❤ Please,2023-05-19,YouTube,Fogg Perfume,positive,0.9186
"Bro amazing work.... Keep going really love your content its priceless education for us indian men.....

I never tried middle eastern fragrances, but your reviews changed me to buy something....

I tried lataffa qaeed.... OMG you were right and i love it so so so so much that mature scent and silage......

Can you recommend me something like qaaed for summers and one for winter like below 4k...

Please do 4k and 3k beast mode series....

Please do recommend.....",2023-05-17,YouTube,Fogg Perfume,positive,0.9872
Neesh ka milky way ka review ho jaye 😉😘,2023-05-19,YouTube,Fogg Perfume,positive,0.4215
Sir attars ke bhi review kijiye,2023-05-20,YouTube,Fogg Perfume,neutral,0.0
Bhaiya ji embark company review please,2023-05-17,YouTube,Fogg Perfume,positive,0.3182
Ap jaise OP reviewer ke karan hi badh rha price 😂 company Wale bhi apka review dekhte honge fir price increase kr dete hain 😂,2023-05-17,YouTube,Fogg Perfume,positive,0.7964
Bhai oud extreme ki fragrance profile kya hai?,2023-06-04,YouTube,Fogg Perfume,neutral,0.0
Amber Extreme smells like Dunhill Desire Red.,2024-02-16,YouTube,Fogg Perfume,positive,0.6682
Wood Streme best?,2023-07-14,YouTube,Fogg Perfume,positive,0.6369
Bhai sab log kehte hai ki beardo godfather perfume me detergent ki smell aati he reawu dedo please🙏,2023-06-03,YouTube,Fogg Perfume,positive,0.3182
Bhai yacth men white musk try karo,2023-05-17,YouTube,Fogg Perfume,neutral,0.0
"fogg tuxedo or  wood extreme review donon ek hi perfume Fogg tuxedo ab band ho chuka hai, lekin donon ka packaging aur colour sem hain , please bataen wood extreme Jo naya aaya hai vah purane tuxedo Hain kya ????????",2023-09-26,YouTube,Fogg Perfume,positive,0.504
Rahul bhai aapko Deodorant ki dunia ka GOAT axe africa ka to pta hi hoga but vo india me nahi milra thk price me to uska koi upgrade version perfume h to plz comment.. axe Africa k bare me Bohot suna h aur uski smell ka feel lene k lie uska body wash lia tha bohot bdia h but vo 10 minutes tak hi rehta h .. plz btao kuch kya lia jaye,2023-05-21,YouTube,Fogg Perfume,neutral,0.0258
Fogg oud extrime.......Nikhil sir ki kahna ha ismai  sata zahar hai.,2023-12-13,YouTube,Fogg Perfume,positive,0.34
Nice video❤️,2023-05-17,YouTube,Fogg Perfume,positive,0.4215
Oud extreme per detail rewew lao,2023-09-18,YouTube,Fogg Perfume,neutral,0.0
Op sir nice review ❤❤,2023-05-17,YouTube,Fogg Perfume,positive,0.9042
Fogg scent xtremo exp date kaise pata laga 😢,2024-06-08,YouTube,Fogg Perfume,negative,-0.4767
beardo mariner perfume and beardo tsunami perfume video reveal please BHAI ❤️,2023-05-17,YouTube,Fogg Perfume,positive,0.3182
"Fogg copying Ombre nomade 😂..
Rahul bhai ur views are great on every perfume.. Plz just tell me what you do for living .??😂😂.. Itne perfumes ❤️😂",2023-05-17,YouTube,Fogg Perfume,positive,0.9465
Bhai 799 price hai 100 ml Ki extreme oud,2023-10-06,YouTube,Fogg Perfume,neutral,0.0
3:39 Rahul bhai aap video me keh rahe ho ki oud extreme loud  or challenging hai par aapki baat maanke maine order kiya par iski smell to agarbatti jaisi hai sach me,2023-10-03,YouTube,Fogg Perfume,positive,0.2177
"I just want to tell you that you are very inspiring, i was new to perfumes and fragrance no idea about this much perfumes after seeing your reviews i got attracted towards my first perfume hawas and it's too good you're very inspiring ❤thanks brother ❤",2023-05-17,YouTube,Fogg Perfume,positive,0.9347
Please reply me I need this,2026-01-21,YouTube,Fogg Perfume,positive,0.3182
"I am from indonesia, how to buy this?",2025-10-03,YouTube,Fogg Perfume,neutral,0.0
Price of each ?,2025-07-27,YouTube,Fogg Perfume,neutral,0.0
F 20 parfum fregnancy 🤮🤮🤮 money loss 🥺,2026-03-11,YouTube,Fogg Perfume,negative,-0.3182
Rs what ????,2026-03-06,YouTube,Fogg Perfume,neutral,0.0
How price,2025-08-09,YouTube,Fogg Perfume,neutral,0.0
Top 3 according to you ?,2025-09-19,YouTube,Fogg Perfume,positive,0.2023
RS,2025-08-16,YouTube,Fogg Perfume,neutral,0.0
Eternal Love ❤,2025-05-11,YouTube,Fogg Perfume,positive,0.8555
"How you reduced weight 🤔
Too much difference",2025-05-11,YouTube,Fogg Perfume,neutral,0.0
Its good,2025-05-11,YouTube,Fogg Perfume,positive,0.4404
Hoping Wildstone new series review,2025-05-11,YouTube,Fogg Perfume,positive,0.4215
"Bro please review about Daddy orginal perfume.most hiped ,once check.",2025-05-14,YouTube,Fogg Perfume,positive,0.3182
Hai bro Urmila Unni yude vashyagandhi perfume onnu review cheyyamo,2025-05-11,YouTube,Fogg Perfume,neutral,0.0
Hamilton is much better than Fogg fougere.i already purchased.,2025-05-14,YouTube,Fogg Perfume,positive,0.4404
Wild stone hero review,2025-05-11,YouTube,Fogg Perfume,positive,0.5574
Ikka trescho daimond ophra review cheyyamo.... Use aakittindenki item nallathano eid nu vangikkan aanu projection and lasting?,2025-05-11,YouTube,Fogg Perfume,neutral,0.0
OUT OF STOCK,2025-05-12,YouTube,Fogg Perfume,neutral,0.0
Best le tresor perfumes for groom ?,2025-05-11,YouTube,Fogg Perfume,positive,0.6369
Hiiii,2025-05-11,YouTube,Fogg Perfume,neutral,0.0
Sapil solid എങ്ങനെ ഇപ്പോഴും long lasting ആണോ. Complimentary kitto?,2025-05-11,YouTube,Fogg Perfume,positive,0.5423
"Bro, വാനില smell കിട്ടുന്ന നല്ല പെർഫ്യൂം പറയുമോ below 500",2025-05-12,YouTube,Fogg Perfume,neutral,0.0
"Bro, louis cardin credible white nallathano?",2025-05-14,YouTube,Fogg Perfume,neutral,0.0
Please suggest a vetiver perfume under ₹500....thank u,2025-12-13,YouTube,Fogg Perfume,positive,0.3182
Bro Ac yil യൂസ് ചെയ്യാൻ പറ്റുന്ന പെർഫ്യൂം ഉണ്ടോ?,2025-05-11,YouTube,Fogg Perfume,neutral,0.0
Fogg tycoon same smell aano..?,2026-01-27,YouTube,Fogg Perfume,neutral,0.0
ippo ithinu 499 anu.. 499 nu ith worth ano,2025-05-31,YouTube,Fogg Perfume,positive,0.2263
Bottle glass aano,2025-10-21,YouTube,Fogg Perfume,neutral,0.0
link indoo,2025-05-11,YouTube,Fogg Perfume,neutral,0.0
Rate?,2025-05-11,YouTube,Fogg Perfume,neutral,0.0
This one or denver sporting club rider,2025-05-12,YouTube,Fogg Perfume,neutral,0.0
Paaji I love the way how you reply to every comment you get and show some attention towards your viewers ❤,2026-03-07,YouTube,Fogg Perfume,positive,0.8555
Bohat achha hai long lasting bhi hai !,2025-08-02,YouTube,Fogg Perfume,neutral,0.0
"Fogg ka new launch citrosis smell perfume , sky bottle. New perfume review dijiye......",2025-04-16,YouTube,Fogg Perfume,neutral,0.0
Bhut best perfume h.. Ever.. But khud lgane me smjh ni aata..... Koi dusra lgae rhe.. Tb smjh aata h,2026-03-03,YouTube,Fogg Perfume,positive,0.3818
CSF all perfume review please ❤,2025-05-01,YouTube,Fogg Perfume,positive,0.7579
Lasting ko chord ke sab accha hai,2025-06-01,YouTube,Fogg Perfume,neutral,0.0
It lasts only 30mins,2025-10-01,YouTube,Fogg Perfume,neutral,0.0
Pazi koi best deo and perfume dso jehda 200 ya 300 tk howe,2026-04-24,YouTube,Fogg Perfume,positive,0.6369
Glass ya plstic,2025-09-17,YouTube,Fogg Perfume,neutral,0.0
Perfume hai ya body spray?,2025-08-08,YouTube,Fogg Perfume,neutral,0.0
Max kitane gante chalata hai,2025-07-18,YouTube,Fogg Perfume,neutral,0.0
Ye jyada acha h ya fougere?,2025-09-16,YouTube,Fogg Perfume,neutral,0.0
Kiska clone hai,2025-10-04,YouTube,Fogg Perfume,neutral,0.0
Abe to use krk bta n 😅😂,2025-06-02,YouTube,Fogg Perfume,positive,0.6597
Price?,2025-04-12,YouTube,Fogg Perfume,neutral,0.0
Becar perfume 😢❌,2025-05-01,YouTube,Fogg Perfume,negative,-0.4767
"Whats your favourite Fogg Perfume?
Buying Link: (Amazon)
https://amzn.to/3S20sxo",2023-02-15,YouTube,Fogg Perfume,positive,0.1779
Being a girl im buying this because this smeell is really way to catching and attractive,2023-12-07,YouTube,Fogg Perfume,positive,0.4404
"Xtremo - black 
Intensio - green 
Both r best",2023-10-10,YouTube,Fogg Perfume,positive,0.6369
My favourite perfume is Fogg imperssio I use it in both summer and winter seasons.this is the best in this budget range,2025-03-27,YouTube,Fogg Perfume,positive,0.6369
Its opening is synthetic due to chemicals but dry down is awesome,2023-02-16,YouTube,Fogg Perfume,positive,0.7684
Food ka itna bekar hai  sar dard ho jaata hai 😤😤😤😤😤😤😤😤😤😤😤😤😤😤😤😤😤😤😤😤😤😤😤😤😤😤😤😤,2024-02-05,YouTube,Fogg Perfume,neutral,0.0
"Just imagine Bro ye 2019 ke baad  reformulate ho chuka tha, fir bhi aapko acha laga WOW. Maine ye 2019 se pehle logo par experience kiya aur poocha kaunsa scent hai. Tabse mein iss smell pe Fida ho Gaya kyunki ye itna Syrupy aur Thick tha.",2023-03-07,YouTube,Fogg Perfume,positive,0.6739
Tariq bhai opening me jabardast alcohol blast aur synthetic lagta hai...1 hour ke bad aur dry down me accha hai logetivity 5 to 8 hours hai aur kapde par 8 to 10 hour lasting hai.... synthetic hone ke bawajood bi achha drydown hai ...aur ye dmart me 250 rs me milta hai.,2025-12-24,YouTube,Fogg Perfume,negative,-0.5423
Yess kt is verg fantastic 😊,2023-10-20,YouTube,Fogg Perfume,positive,0.8625
Bro....can you review the smart collection perfumes?,2023-12-24,YouTube,Fogg Perfume,positive,0.4019
Ye machhar maarne ki dawai jesa feel karata hai 😂😂😂😂,2025-04-10,YouTube,Fogg Perfume,positive,0.891
Sir Fastrack ka perfume review doww❤,2025-07-23,YouTube,Fogg Perfume,positive,0.6369
I smelled beardo godfather. And what a beast it is.,2025-06-21,YouTube,Fogg Perfume,neutral,0.0
"Suggest any perfume which give fresh and fruity smell, Any suggestions. ❤",2024-12-05,YouTube,Fogg Perfume,positive,0.7579
